STA,LAT,LON,ELEV,DIST,BAZ,ISCPHASE,REPPHASE,DATE,TIME,RES,TDEF,AUTHOR,DATE,TIME,LATH,LONH,DEPTH,AUTHOR,TYPE,MAG
NDI,28.6833,77.2167,230,3.82,197,Pn,Pn,19-01-1975,08:03:00,0.4,TRUE,ISC,19-01-1975,08:02:01,32.3511,78.487,12.9,ISC,MS,7
NDI,28.6833,77.2167,230,3.82,197,Sb,Sn,19-01-1975,08:03:54,-0.4,TRUE,ISC,19-01-1975,08:02:01,32.3511,78.487,12.9,ISC,MS,7
KHO,37.4833,71.5333,2199,7.67,313.8,Pn,P,19-01-1975,08:03:55,2.3,TRUE,ISC,19-01-1975,08:02:01,32.3511,78.487,12.9,ISC,MS,7
KHO,37.4833,71.5333,2199,7.67,313.8,Sn,S,19-01-1975,08:05:19,-0.6,TRUE,ISC,19-01-1975,08:02:01,32.3511,78.487,12.9,ISC,MS,7
KUL,37.92,69.78,600,9.04,310.3,Pn,P,19-01-1975,08:04:13,1.7,TRUE,ISC,19-01-1975,08:02:01,32.3511,78.487,12.9,ISC,MS,7
NRN,41.4333,76,2849,9.28,348.3,Pn,P,19-01-1975,08:04:15,0.1,TRUE,ISC,19-01-1975,08:02:01,32.3511,78.487,12.9,ISC,MS,7
NRN,41.4333,76,2849,9.28,348.3,Sn,S,19-01-1975,08:05:59,-0.3,TRUE,ISC,19-01-1975,08:02:01,32.3511,78.487,12.9,ISC,MS,7
NRN,41.4333,76,2849,9.28,348.3,Pn,P,19-01-1975,08:04:15,0.1,TRUE,ISC,19-01-1975,08:02:01,32.3511,78.487,12.9,ISC,MS,7
NRN,41.4333,76,2849,9.28,348.3,Sn,S,19-01-1975,08:05:59,-0.3,TRUE,ISC,19-01-1975,08:02:01,32.3511,78.487,12.9,ISC,MS,7
GAR,39,70.316,1305,9.39,317.2,Pn,P,19-01-1975,08:04:16,-0.2,TRUE,ISC,19-01-1975,08:02:01,32.3511,78.487,12.9,ISC,MS,7
ANR,40.755,72.36,494,9.72,331.3,Pn,P,19-01-1975,08:04:22,1.3,TRUE,ISC,19-01-1975,08:02:01,32.3511,78.487,12.9,ISC,MS,7
ANR,40.755,72.36,494,9.72,331.3,Pn,P,19-01-1975,08:04:22,1.6,TRUE,ISC,19-01-1975,08:02:01,32.3511,78.487,12.9,ISC,MS,7
DSH,38.5583,68.775,847,10.05,310.7,Pn,P,19-01-1975,08:04:28,2.8,TRUE,ISC,19-01-1975,08:02:01,32.3511,78.487,12.9,ISC,MS,7
DSH,38.5583,68.775,847,10.05,310.7,Sn,S,19-01-1975,08:06:24,6.1,TRUE,ISC,19-01-1975,08:02:01,32.3511,78.487,12.9,ISC,MS,7
DSH,38.5583,68.775,847,10.05,310.7,Pn,P,19-01-1975,08:04:28,2.8,TRUE,ISC,19-01-1975,08:02:01,32.3511,78.487,12.9,ISC,MS,7
DSH,38.5583,68.775,847,10.05,310.7,Sn,S,19-01-1975,08:06:24,6.1,TRUE,ISC,19-01-1975,08:02:01,32.3511,78.487,12.9,ISC,MS,7
PRZ,42.4833,78.4,1835,10.12,359.6,Pn,P,19-01-1975,08:04:28,1.8,TRUE,ISC,19-01-1975,08:02:01,32.3511,78.487,12.9,ISC,MS,7
PRZ,42.4833,78.4,1835,10.12,359.6,Pn,P,19-01-1975,08:04:28,1.8,TRUE,ISC,19-01-1975,08:02:01,32.3511,78.487,12.9,ISC,MS,7
FRU,42.8333,74.6167,655,10.9,344.8,Pn,P,19-01-1975,08:04:38,1.2,TRUE,ISC,19-01-1975,08:02:01,32.3511,78.487,12.9,ISC,MS,7
FRU,42.8333,74.6167,655,10.9,344.8,Pn,P,19-01-1975,08:04:38,1.2,TRUE,ISC,19-01-1975,08:02:01,32.3511,78.487,12.9,ISC,MS,7
AAB,43.233,77.225,1120,10.91,355.1,Pn,P,19-01-1975,08:04:37,0,TRUE,ISC,19-01-1975,08:02:01,32.3511,78.487,12.9,ISC,MS,7
TAS,41.325,69.295,470,11.6,323.2,Pn,P,19-01-1975,08:04:44,-2.3,TRUE,ISC,19-01-1975,08:02:01,32.3511,78.487,12.9,ISC,MS,7
TAS,41.325,69.295,470,11.6,323.2,Sn,S,19-01-1975,08:06:56,0.4,TRUE,ISC,19-01-1975,08:02:01,32.3511,78.487,12.9,ISC,MS,7
TAS,41.325,69.295,470,11.6,323.2,Pn,P,19-01-1975,08:04:44,-2.3,TRUE,ISC,19-01-1975,08:02:01,32.3511,78.487,12.9,ISC,MS,7
TAS,41.325,69.295,470,11.6,323.2,Sn,S,19-01-1975,08:06:56,0.4,TRUE,ISC,19-01-1975,08:02:01,32.3511,78.487,12.9,ISC,MS,7
SAM,39.6617,66.9524,668,11.84,311.2,Pn,P,19-01-1975,08:04:48,-1.7,TRUE,ISC,19-01-1975,08:02:01,32.3511,78.487,12.9,ISC,MS,7
SHL,25.5667,91.8833,1600,13.53,116.6,Pn,P,19-01-1975,08:05:11,-2.3,TRUE,ISC,19-01-1975,08:02:01,32.3511,78.487,12.9,ISC,MS,7
SHL,25.5667,91.8833,1600,13.53,116.6,Sn,S,19-01-1975,08:07:51,7.3,TRUE,ISC,19-01-1975,08:02:01,32.3511,78.487,12.9,ISC,MS,7
HYB,17.4169,78.5531,510,14.87,179.8,Pn,P,19-01-1975,08:05:27,-4.2,TRUE,ISC,19-01-1975,08:02:01,32.3511,78.487,12.9,ISC,MS,7
MSH,36.3111,59.5878,987,16.1,289.4,Pn,P,19-01-1975,08:05:47,0,TRUE,ISC,19-01-1975,08:02:01,32.3511,78.487,12.9,ISC,MS,7
MSH,36.3111,59.5878,987,16.1,289.4,Sn,S,19-01-1975,08:08:40,-5.7,TRUE,ISC,19-01-1975,08:02:01,32.3511,78.487,12.9,ISC,MS,7
ASH,37.95,58.35,220,17.38,294.3,P,P,19-01-1975,08:06:05,0.8,TRUE,ISC,19-01-1975,08:02:01,32.3511,78.487,12.9,ISC,MS,7
ASH,37.95,58.35,220,17.38,294.3,P,P,19-01-1975,08:06:06,1.4,TRUE,ISC,19-01-1975,08:02:01,32.3511,78.487,12.9,ISC,MS,7
SEM,50.408,80.25,2100,18.09,3.6,Pn,P,19-01-1975,08:06:10,-1.9,TRUE,ISC,19-01-1975,08:02:01,32.3511,78.487,12.9,ISC,MS,7
GBA,13.6042,77.4361,686,18.69,183.2,P,P,19-01-1975,08:06:16,-3.2,TRUE,ISC,19-01-1975,08:02:01,32.3511,78.487,12.9,ISC,MS,7
KAT,39.028,56.27,200,19.21,296.5,Pn,P,19-01-1975,08:06:25,-0.7,TRUE,ISC,19-01-1975,08:02:01,32.3511,78.487,12.9,ISC,MS,7
KAT,39.028,56.27,200,19.21,296.5,Pn,P,19-01-1975,08:06:25,-0.7,TRUE,ISC,19-01-1975,08:02:01,32.3511,78.487,12.9,ISC,MS,7
KAT,39.028,56.27,200,19.21,296.5,Sn,S,19-01-1975,08:09:57,-3.9,TRUE,ISC,19-01-1975,08:02:01,32.3511,78.487,12.9,ISC,MS,7
KOD,10.2333,77.4667,2345,22.03,182.7,P,P,19-01-1975,08:06:57,0.9,TRUE,ISC,19-01-1975,08:02:01,32.3511,78.487,12.9,ISC,MS,7
KOD,10.2333,77.4667,2345,22.03,182.7,PcP,PcP,19-01-1975,08:10:47,-6.9,TRUE,ISC,19-01-1975,08:02:01,32.3511,78.487,12.9,ISC,MS,7
SHI,29.6418,52.5133,1595,22.41,270,P,P,19-01-1975,08:07:01,1.3,TRUE,ISC,19-01-1975,08:02:01,32.3511,78.487,12.9,ISC,MS,7
NVS,54.8406,83.2344,150,22.73,7.1,P,P,19-01-1975,08:07:00,-2.6,TRUE,ISC,19-01-1975,08:02:01,32.3511,78.487,12.9,ISC,MS,7
BAK,40.372,49.818,83,24.36,297.3,P,P,19-01-1975,08:07:24,5.2,TRUE,ISC,19-01-1975,08:02:01,32.3511,78.487,12.9,ISC,MS,7
BAK,40.372,49.818,83,24.36,297.3,S,S,19-01-1975,08:11:38,0.2,TRUE,ISC,19-01-1975,08:02:01,32.3511,78.487,12.9,ISC,MS,7
MOY,51.6667,100.9931,1303,25.36,33.8,P,P,19-01-1975,08:07:30,2.2,TRUE,ISC,19-01-1975,08:02:01,32.3511,78.487,12.9,ISC,MS,7
MOY,51.6667,100.9931,1303,25.36,33.8,P,P,19-01-1975,08:07:30,1.8,TRUE,ISC,19-01-1975,08:02:01,32.3511,78.487,12.9,ISC,MS,7
ZAK,50.3819,103.2806,1200,25.71,38.2,P,P,19-01-1975,08:07:32,0.7,TRUE,ISC,19-01-1975,08:02:01,32.3511,78.487,12.9,ISC,MS,7
ZAK,50.3819,103.2806,1200,25.71,38.2,S,S,19-01-1975,08:11:54,-5.4,TRUE,ISC,19-01-1975,08:02:01,32.3511,78.487,12.9,ISC,MS,7
ZAK,50.3819,103.2806,1200,25.71,38.2,P,P,19-01-1975,08:07:32,0.7,TRUE,ISC,19-01-1975,08:02:01,32.3511,78.487,12.9,ISC,MS,7
ZAK,50.3819,103.2806,1200,25.71,38.2,S,S,19-01-1975,08:11:54,-5.4,TRUE,ISC,19-01-1975,08:02:01,32.3511,78.487,12.9,ISC,MS,7
KER,34.385,47.1319,1330,26.21,283,P,P,19-01-1975,08:07:38,1.7,TRUE,ISC,19-01-1975,08:02:01,32.3511,78.487,12.9,ISC,MS,7
KER,34.385,47.1319,1330,26.21,283,S,S,19-01-1975,08:12:08,0.2,TRUE,ISC,19-01-1975,08:02:01,32.3511,78.487,12.9,ISC,MS,7
MAK,42.961,47.505,42,26.58,302.4,P,P,19-01-1975,08:07:41,2.2,TRUE,ISC,19-01-1975,08:02:01,32.3511,78.487,12.9,ISC,MS,7
TAB,38.0675,46.3267,1430,26.8,291.3,P,P,19-01-1975,08:07:42,0.9,TRUE,ISC,19-01-1975,08:02:01,32.3511,78.487,12.9,ISC,MS,7
GRS,39.5,46.3333,1399,26.9,294.5,P,P,19-01-1975,08:07:45,3.1,TRUE,ISC,19-01-1975,08:02:01,32.3511,78.487,12.9,ISC,MS,7
GRS,39.5,46.3333,1399,26.9,294.5,S,S,19-01-1975,08:12:23,4.5,TRUE,ISC,19-01-1975,08:02:01,32.3511,78.487,12.9,ISC,MS,7
GRS,39.5,46.3333,1399,26.9,294.5,P,P,19-01-1975,08:07:45,3.1,TRUE,ISC,19-01-1975,08:02:01,32.3511,78.487,12.9,ISC,MS,7
GRS,39.5,46.3333,1399,26.9,294.5,S,S,19-01-1975,08:12:23,4.5,TRUE,ISC,19-01-1975,08:02:01,32.3511,78.487,12.9,ISC,MS,7
KRV,40.628,46.31,532,27.04,296.9,P,P,19-01-1975,08:07:40,-3.1,TRUE,ISC,19-01-1975,08:02:01,32.3511,78.487,12.9,ISC,MS,7
KRV,40.628,46.31,532,27.04,296.9,S,S,19-01-1975,08:12:20,-0.5,TRUE,ISC,19-01-1975,08:02:01,32.3511,78.487,12.9,ISC,MS,7
IRK,52.2431,104.2711,467,27.3,35.7,P,P,19-01-1975,08:07:46,1,TRUE,ISC,19-01-1975,08:02:01,32.3511,78.487,12.9,ISC,MS,7
IRK,52.2431,104.2711,467,27.3,35.7,S,S,19-01-1975,08:12:28,3.9,TRUE,ISC,19-01-1975,08:02:01,32.3511,78.487,12.9,ISC,MS,7
SVE,56.827,60.637,275,27.41,338.5,P,P,19-01-1975,08:07:47,0.9,TRUE,ISC,19-01-1975,08:02:01,32.3511,78.487,12.9,ISC,MS,7
SVE,56.827,60.637,275,27.41,338.5,S,S,19-01-1975,08:12:28,2.1,TRUE,ISC,19-01-1975,08:02:01,32.3511,78.487,12.9,ISC,MS,7
ARU,56.4293,58.5615,260,27.77,336,P,P,19-01-1975,08:07:48,-1.3,TRUE,ISC,19-01-1975,08:02:01,32.3511,78.487,12.9,ISC,MS,7
ARU,56.4293,58.5615,260,27.77,336,S,S,19-01-1975,08:12:30,-1.5,TRUE,ISC,19-01-1975,08:02:01,32.3511,78.487,12.9,ISC,MS,7
TIF,41.7167,44.8,399,28.32,298.9,P,P,19-01-1975,08:07:57,2.5,TRUE,ISC,19-01-1975,08:02:01,32.3511,78.487,12.9,ISC,MS,7
BKR,41.7337,43.5032,1798,29.28,298.7,P,P,19-01-1975,08:08:05,1.7,TRUE,ISC,19-01-1975,08:02:01,32.3511,78.487,12.9,ISC,MS,7
BKR,41.7337,43.5032,1798,29.28,298.7,S,S,19-01-1975,08:13:01,4.8,TRUE,ISC,19-01-1975,08:02:01,32.3511,78.487,12.9,ISC,MS,7
BKR,41.7337,43.5032,1798,29.28,298.7,P,P,19-01-1975,08:08:05,1.7,TRUE,ISC,19-01-1975,08:02:01,32.3511,78.487,12.9,ISC,MS,7
BKR,41.7337,43.5032,1798,29.28,298.7,S,S,19-01-1975,08:13:01,4.8,TRUE,ISC,19-01-1975,08:02:01,32.3511,78.487,12.9,ISC,MS,7
PYA,44.0333,43.0583,544,29.97,303.2,P,P,19-01-1975,08:08:10,1.2,TRUE,ISC,19-01-1975,08:02:01,32.3511,78.487,12.9,ISC,MS,7
PEK,40.0403,116.175,43,31.19,65,P,P,19-01-1975,08:08:22,2.1,TRUE,ISC,19-01-1975,08:02:01,32.3511,78.487,12.9,ISC,MS,7
PEK,40.0403,116.175,43,31.19,65,PcP,PcP,19-01-1975,08:11:09,-5.6,TRUE,ISC,19-01-1975,08:02:01,32.3511,78.487,12.9,ISC,MS,7
PEK,40.0403,116.175,43,31.19,65,S,S,19-01-1975,08:13:26,0.4,TRUE,ISC,19-01-1975,08:02:01,32.3511,78.487,12.9,ISC,MS,7
SOC,43.5833,39.7167,192,32.29,301.6,P,P,19-01-1975,08:08:29,-0.5,TRUE,ISC,19-01-1975,08:02:01,32.3511,78.487,12.9,ISC,MS,7
SOC,43.5833,39.7167,192,32.29,301.6,sP,pP,19-01-1975,08:08:38,0.7,TRUE,ISC,19-01-1975,08:02:01,32.3511,78.487,12.9,ISC,MS,7
SNG,7.177,100.617,4,32.43,135.8,P,P,19-01-1975,08:08:31,0,TRUE,ISC,19-01-1975,08:02:01,32.3511,78.487,12.9,ISC,MS,7
HKC,22.302,114.1743,27,33.11,98.5,P,P,19-01-1975,08:08:38,1,TRUE,ISC,19-01-1975,08:02:01,32.3511,78.487,12.9,ISC,MS,7
HKC,22.302,114.1743,27,33.11,98.5,S,S,19-01-1975,08:13:58,2,TRUE,ISC,19-01-1975,08:02:01,32.3511,78.487,12.9,ISC,MS,7
KSA,33.8233,35.89,920,35.54,284.2,P,P,19-01-1975,08:09:01,3,TRUE,ISC,19-01-1975,08:02:01,32.3511,78.487,12.9,ISC,MS,7
SIM,44.949,34.116,275,36.43,303.3,P,P,19-01-1975,08:09:07,1.6,TRUE,ISC,19-01-1975,08:02:01,32.3511,78.487,12.9,ISC,MS,7
SIM,44.949,34.116,275,36.43,303.3,S,S,19-01-1975,08:14:46,-0.7,TRUE,ISC,19-01-1975,08:02:01,32.3511,78.487,12.9,ISC,MS,7
SIM,44.949,34.116,275,36.43,303.3,P,P,19-01-1975,08:09:08,2.6,TRUE,ISC,19-01-1975,08:02:01,32.3511,78.487,12.9,ISC,MS,7
SIM,44.949,34.116,275,36.43,303.3,S,S,19-01-1975,08:14:46,-0.7,TRUE,ISC,19-01-1975,08:02:01,32.3511,78.487,12.9,ISC,MS,7
TUP,54.425,119.9539,650,36.6,40.5,P,P,19-01-1975,08:09:08,1.2,TRUE,ISC,19-01-1975,08:02:01,32.3511,78.487,12.9,ISC,MS,7
MOS,55.7383,37.625,121,36.75,321.8,P,P,19-01-1975,08:09:07,-1,TRUE,ISC,19-01-1975,08:02:01,32.3511,78.487,12.9,ISC,MS,7
MOS,55.7383,37.625,121,36.75,321.8,S,S,19-01-1975,08:14:48,-3.3,TRUE,ISC,19-01-1975,08:02:01,32.3511,78.487,12.9,ISC,MS,7
MOS,55.7383,37.625,121,36.75,321.8,P,P,19-01-1975,08:09:11,3,TRUE,ISC,19-01-1975,08:02:01,32.3511,78.487,12.9,ISC,MS,7
MOS,55.7383,37.625,121,36.75,321.8,S,S,19-01-1975,08:14:48,-3.3,TRUE,ISC,19-01-1975,08:02:01,32.3511,78.487,12.9,ISC,MS,7
OBN,55.1138,36.5687,0,37.09,320.5,P,P,19-01-1975,08:09:12,1.2,TRUE,ISC,19-01-1975,08:02:01,32.3511,78.487,12.9,ISC,MS,7
OBN,55.1138,36.5687,0,37.09,320.5,S,S,19-01-1975,08:14:54,-2.4,TRUE,ISC,19-01-1975,08:02:01,32.3511,78.487,12.9,ISC,MS,7
OBN,55.1138,36.5687,0,37.09,320.5,P,P,19-01-1975,08:09:11,0.2,TRUE,ISC,19-01-1975,08:02:01,32.3511,78.487,12.9,ISC,MS,7
OBN,55.1138,36.5687,0,37.09,320.5,S,S,19-01-1975,08:14:54,-2.4,TRUE,ISC,19-01-1975,08:02:01,32.3511,78.487,12.9,ISC,MS,7
MGN,40.9248,32.1812,720,37.76,296.5,P,P,19-01-1975,08:09:17,0.4,TRUE,ISC,19-01-1975,08:02:01,32.3511,78.487,12.9,ISC,MS,7
TCU,24.1475,120.676,84,37.86,91.5,P,P,19-01-1975,08:09:18,0,TRUE,ISC,19-01-1975,08:02:01,32.3511,78.487,12.9,ISC,MS,7
TCU,24.1475,120.676,84,37.86,91.5,S,S,19-01-1975,08:15:13,4.5,TRUE,ISC,19-01-1975,08:02:01,32.3511,78.487,12.9,ISC,MS,7
ANP,25.1865,121.52,826,38.19,89.5,P,P,19-01-1975,08:09:24,2.8,TRUE,ISC,19-01-1975,08:02:01,32.3511,78.487,12.9,ISC,MS,7
ANP,25.1865,121.52,826,38.19,89.5,S,S,19-01-1975,08:15:17,2.9,TRUE,ISC,19-01-1975,08:02:01,32.3511,78.487,12.9,ISC,MS,7
HWA,23.977,121.605,16,38.71,91.2,P,P,19-01-1975,08:09:29,3.6,TRUE,ISC,19-01-1975,08:02:01,32.3511,78.487,12.9,ISC,MS,7
HWA,23.977,121.605,16,38.71,91.2,S,S,19-01-1975,08:15:27,5.3,TRUE,ISC,19-01-1975,08:02:01,32.3511,78.487,12.9,ISC,MS,7
TTN,22.754,121.147,9,38.8,93.3,P,P,19-01-1975,08:09:30,4.3,TRUE,ISC,19-01-1975,08:02:01,32.3511,78.487,12.9,ISC,MS,7
GLP,40.2889,30.3094,560,39.22,295.6,P,P,19-01-1975,08:09:28,-1.5,TRUE,ISC,19-01-1975,08:02:01,32.3511,78.487,12.9,ISC,MS,7
BCK,37.4608,30.589,860,39.28,291.2,P,P,19-01-1975,08:09:29,-0.7,TRUE,ISC,19-01-1975,08:02:01,32.3511,78.487,12.9,ISC,MS,7
BCK,37.4608,30.589,860,39.28,291.2,pP,pP,19-01-1975,08:09:33,-2.3,TRUE,ISC,19-01-1975,08:02:01,32.3511,78.487,12.9,ISC,MS,7
ISK,41.0656,29.0592,132,40.11,296.9,P,P,19-01-1975,08:09:36,-0.8,TRUE,ISC,19-01-1975,08:02:01,32.3511,78.487,12.9,ISC,MS,7
IST,41.0456,28.9958,50,40.16,296.9,P,P,19-01-1975,08:09:36,-0.9,TRUE,ISC,19-01-1975,08:02:01,32.3511,78.487,12.9,ISC,MS,7
KIS,46.998,28.818,185,40.25,306.1,P,P,19-01-1975,08:09:38,0.5,TRUE,ISC,19-01-1975,08:02:01,32.3511,78.487,12.9,ISC,MS,7
KIS,46.998,28.818,185,40.25,306.1,S,S,19-01-1975,08:15:49,4.6,TRUE,ISC,19-01-1975,08:02:01,32.3511,78.487,12.9,ISC,MS,7
DRB,39.5811,28.6374,620,40.56,294.7,P,P,19-01-1975,08:09:38,-2.2,TRUE,ISC,19-01-1975,08:02:01,32.3511,78.487,12.9,ISC,MS,7
DMK,41.8216,27.7572,315,41.04,298.2,P,P,19-01-1975,08:09:43,-1.3,TRUE,ISC,19-01-1975,08:02:01,32.3511,78.487,12.9,ISC,MS,7
EDC,40.3468,27.8634,270,41.08,296,P,P,19-01-1975,08:09:44,-0.3,TRUE,ISC,19-01-1975,08:02:01,32.3511,78.487,12.9,ISC,MS,7
IAS,47.1931,27.553,195,41.12,306.4,P,P,19-01-1975,08:09:48,3.3,TRUE,ISC,19-01-1975,08:02:01,32.3511,78.487,12.9,ISC,MS,7
YER,37.1347,28.2828,730,41.14,291.1,P,P,19-01-1975,08:09:43,-2.4,TRUE,ISC,19-01-1975,08:02:01,32.3511,78.487,12.9,ISC,MS,7
YER,37.1347,28.2828,730,41.14,291.1,pP,pP,19-01-1975,08:09:47,-4.3,TRUE,ISC,19-01-1975,08:02:01,32.3511,78.487,12.9,ISC,MS,7
YER,37.1347,28.2828,730,41.14,291.1,S,S,19-01-1975,08:15:51,-7.1,TRUE,ISC,19-01-1975,08:02:01,32.3511,78.487,12.9,ISC,MS,7
BAG,16.4108,120.58,1507,41.21,102.4,P,P,19-01-1975,08:09:44,-2,TRUE,ISC,19-01-1975,08:02:01,32.3511,78.487,12.9,ISC,MS,7
BAC,46.5669,26.9124,169,41.55,305.4,P,P,19-01-1975,08:09:48,-0.2,TRUE,ISC,19-01-1975,08:02:01,32.3511,78.487,12.9,ISC,MS,7
MNK,54.5021,27.8833,196,41.76,317.4,P,P,19-01-1975,08:09:50,0.1,TRUE,ISC,19-01-1975,08:02:01,32.3511,78.487,12.9,ISC,MS,7
MNK,54.5021,27.8833,196,41.76,317.4,S,S,19-01-1975,08:16:07,0.3,TRUE,ISC,19-01-1975,08:02:01,32.3511,78.487,12.9,ISC,MS,7
PUL,59.7728,30.3222,88.5,41.84,325.6,P,P,19-01-1975,08:09:51,0.6,TRUE,ISC,19-01-1975,08:02:01,32.3511,78.487,12.9,ISC,MS,7
PUL,59.7728,30.3222,88.5,41.84,325.6,sP,sP,19-01-1975,08:10:03,4.7,TRUE,ISC,19-01-1975,08:02:01,32.3511,78.487,12.9,ISC,MS,7
PUL,59.7728,30.3222,88.5,41.84,325.6,S,S,19-01-1975,08:16:08,0.3,TRUE,ISC,19-01-1975,08:02:01,32.3511,78.487,12.9,ISC,MS,7
PUL,59.7728,30.3222,88.5,41.84,325.6,P,P,19-01-1975,08:09:51,0.6,TRUE,ISC,19-01-1975,08:02:01,32.3511,78.487,12.9,ISC,MS,7
PUL,59.7728,30.3222,88.5,41.84,325.6,S,S,19-01-1975,08:16:08,0.3,TRUE,ISC,19-01-1975,08:02:01,32.3511,78.487,12.9,ISC,MS,7
BUC,44.4136,26.0967,82,42.13,302.2,P,P,19-01-1975,08:09:51,-2,TRUE,ISC,19-01-1975,08:02:01,32.3511,78.487,12.9,ISC,MS,7
MLR,45.4909,25.945,1360,42.22,303.8,P,P,19-01-1975,08:09:53,-0.9,TRUE,ISC,19-01-1975,08:02:01,32.3511,78.487,12.9,ISC,MS,7
MAN,14.66,121.078,70,42.52,104.3,P,P,19-01-1975,08:09:58,1.1,TRUE,ISC,19-01-1975,08:02:01,32.3511,78.487,12.9,ISC,MS,7
QCP,14.637,121.077,58,42.53,104.3,P,P,19-01-1975,08:09:58,1.4,TRUE,ISC,19-01-1975,08:02:01,32.3511,78.487,12.9,ISC,MS,7
DIM,42.0457,25.5778,144,42.68,298.7,P,P,19-01-1975,08:09:59,1,TRUE,ISC,19-01-1975,08:02:01,32.3511,78.487,12.9,ISC,MS,7
KDZ,41.6302,25.3396,335,42.8,298.2,P,P,19-01-1975,08:10:02,2.9,TRUE,ISC,19-01-1975,08:02:01,32.3511,78.487,12.9,ISC,MS,7
CMP,45.2683,25.0383,598,42.86,303.5,P,P,19-01-1975,08:10:01,2,TRUE,ISC,19-01-1975,08:02:01,32.3511,78.487,12.9,ISC,MS,7
VLA,43.1196,131.885,61,42.93,59.7,P,P,19-01-1975,08:09:59,-0.5,TRUE,ISC,19-01-1975,08:02:01,32.3511,78.487,12.9,ISC,MS,7
VLA,43.1196,131.885,61,42.93,59.7,S,S,19-01-1975,08:16:20,-4.1,TRUE,ISC,19-01-1975,08:02:01,32.3511,78.487,12.9,ISC,MS,7
VLA,43.1196,131.885,61,42.93,59.7,P,P,19-01-1975,08:09:59,-0.5,TRUE,ISC,19-01-1975,08:02:01,32.3511,78.487,12.9,ISC,MS,7
VLA,43.1196,131.885,61,42.93,59.7,S,S,19-01-1975,08:16:20,-4.1,TRUE,ISC,19-01-1975,08:02:01,32.3511,78.487,12.9,ISC,MS,7
NGS,32.7317,129.87,24,42.96,75.1,P,P,19-01-1975,08:10:02,2.3,TRUE,ISC,19-01-1975,08:02:01,32.3511,78.487,12.9,ISC,MS,7
NGS,32.7317,129.87,24,42.96,75.1,S,S,19-01-1975,08:16:24,-1.2,TRUE,ISC,19-01-1975,08:02:01,32.3511,78.487,12.9,ISC,MS,7
NAH,26.2167,127.6833,11,43.04,85,P,P,19-01-1975,08:10:02,1.4,TRUE,ISC,19-01-1975,08:02:01,32.3511,78.487,12.9,ISC,MS,7
AAE,9.0292,38.7656,2442,43.44,246.6,P,P,19-01-1975,08:10:06,1.7,TRUE,ISC,19-01-1975,08:02:01,32.3511,78.487,12.9,ISC,MS,7
LVV,49.819,24.031,320,43.58,310.1,P,P,19-01-1975,08:10:05,0.3,TRUE,ISC,19-01-1975,08:02:01,32.3511,78.487,12.9,ISC,MS,7
LVV,49.819,24.031,320,43.58,310.1,S,S,19-01-1975,08:16:31,-2.5,TRUE,ISC,19-01-1975,08:02:01,32.3511,78.487,12.9,ISC,MS,7
LVV,49.819,24.031,320,43.58,310.1,P,P,19-01-1975,08:10:05,0.3,TRUE,ISC,19-01-1975,08:02:01,32.3511,78.487,12.9,ISC,MS,7
LVV,49.819,24.031,320,43.58,310.1,S,S,19-01-1975,08:16:31,-2.5,TRUE,ISC,19-01-1975,08:02:01,32.3511,78.487,12.9,ISC,MS,7
APA,67.569,33.4051,182,43.85,336.9,P,P,19-01-1975,08:10:08,1.4,TRUE,ISC,19-01-1975,08:02:01,32.3511,78.487,12.9,ISC,MS,7
APA,67.569,33.4051,182,43.85,336.9,S,S,19-01-1975,08:16:39,2,TRUE,ISC,19-01-1975,08:02:01,32.3511,78.487,12.9,ISC,MS,7
APA,67.569,33.4051,182,43.85,336.9,P,P,19-01-1975,08:10:07,0.4,TRUE,ISC,19-01-1975,08:02:01,32.3511,78.487,12.9,ISC,MS,7
APA,67.569,33.4051,182,43.85,336.9,S,S,19-01-1975,08:16:39,2,TRUE,ISC,19-01-1975,08:02:01,32.3511,78.487,12.9,ISC,MS,7
YAK,62.0311,129.6811,91,43.97,31.9,P,P,19-01-1975,08:10:04,-3.6,TRUE,ISC,19-01-1975,08:02:01,32.3511,78.487,12.9,ISC,MS,7
YAK,62.0311,129.6811,91,43.97,31.9,P,P,19-01-1975,08:10:04,-3.6,TRUE,ISC,19-01-1975,08:02:01,32.3511,78.487,12.9,ISC,MS,7
YAK,62.0311,129.6811,91,43.97,31.9,S,S,19-01-1975,08:16:42,3.2,TRUE,ISC,19-01-1975,08:02:01,32.3511,78.487,12.9,ISC,MS,7
SOF,42.6761,23.3698,570,44.25,299.9,P,P,19-01-1975,08:10:13,2.8,TRUE,ISC,19-01-1975,08:02:01,32.3511,78.487,12.9,ISC,MS,7
SOF,42.6761,23.3698,570,44.25,299.9,PcP,pP,19-01-1975,08:11:56,1.4,TRUE,ISC,19-01-1975,08:02:01,32.3511,78.487,12.9,ISC,MS,7
SOF,42.6761,23.3698,570,44.25,299.9,S,S,19-01-1975,08:16:47,3.5,TRUE,ISC,19-01-1975,08:02:01,32.3511,78.487,12.9,ISC,MS,7
DEV,45.8833,22.9033,250,44.34,304.5,P,P,19-01-1975,08:10:10,-0.8,TRUE,ISC,19-01-1975,08:02:01,32.3511,78.487,12.9,ISC,MS,7
KJF,64.1992,27.7147,160,44.51,331.1,P,P,19-01-1975,08:10:11,-1,TRUE,ISC,19-01-1975,08:02:01,32.3511,78.487,12.9,ISC,MS,7
KJF,64.1992,27.7147,160,44.51,331.1,PP,pP,19-01-1975,08:11:56,0.1,TRUE,ISC,19-01-1975,08:02:01,32.3511,78.487,12.9,ISC,MS,7
KJF,64.1992,27.7147,160,44.51,331.1,S,S,19-01-1975,08:16:44,-2.7,TRUE,ISC,19-01-1975,08:02:01,32.3511,78.487,12.9,ISC,MS,7
ATH,37.9722,23.7167,95,44.59,293.1,P,P,19-01-1975,08:10:14,1.1,TRUE,ISC,19-01-1975,08:02:01,32.3511,78.487,12.9,ISC,MS,7
ATH,37.9722,23.7167,95,44.59,293.1,PP,pP,19-01-1975,08:12:02,5.1,TRUE,ISC,19-01-1975,08:02:01,32.3511,78.487,12.9,ISC,MS,7
ATH,37.9722,23.7167,95,44.59,293.1,S,S,19-01-1975,08:16:48,-0.5,TRUE,ISC,19-01-1975,08:02:01,32.3511,78.487,12.9,ISC,MS,7
UZH,48.631,22.293,160,44.69,308.4,P,P,19-01-1975,08:10:13,-1.1,TRUE,ISC,19-01-1975,08:02:01,32.3511,78.487,12.9,ISC,MS,7
UZH,48.631,22.293,160,44.69,308.4,S,S,19-01-1975,08:16:47,-2.7,TRUE,ISC,19-01-1975,08:02:01,32.3511,78.487,12.9,ISC,MS,7
NUR,60.509,24.649,102,44.77,325.4,P,P,19-01-1975,08:10:13,-1,TRUE,ISC,19-01-1975,08:02:01,32.3511,78.487,12.9,ISC,MS,7
NUR,60.509,24.649,102,44.77,325.4,PP,pP,19-01-1975,08:12:00,1.5,TRUE,ISC,19-01-1975,08:02:01,32.3511,78.487,12.9,ISC,MS,7
NUR,60.509,24.649,102,44.77,325.4,S,S,19-01-1975,08:16:48,-2.6,TRUE,ISC,19-01-1975,08:02:01,32.3511,78.487,12.9,ISC,MS,7
SHK,34.5322,132.678,285,44.82,71.8,P,P,19-01-1975,08:10:13,-1.6,TRUE,ISC,19-01-1975,08:02:01,32.3511,78.487,12.9,ISC,MS,7
VAY,41.3211,22.5701,168,44.96,298,P,P,19-01-1975,08:10:18,2.4,TRUE,ISC,19-01-1975,08:02:01,32.3511,78.487,12.9,ISC,MS,7
SKO,41.9721,21.4396,346,45.72,299.1,P,P,19-01-1975,08:10:20,-1.5,TRUE,ISC,19-01-1975,08:02:01,32.3511,78.487,12.9,ISC,MS,7
JOS,48.4958,20.5394,280,45.86,308.2,P,P,19-01-1975,08:10:22,-0.9,TRUE,ISC,19-01-1975,08:02:01,32.3511,78.487,12.9,ISC,MS,7
SOD,67.3712,26.6291,181,46.1,335,P,P,19-01-1975,08:10:24,-0.4,TRUE,ISC,19-01-1975,08:02:01,32.3511,78.487,12.9,ISC,MS,7
SOD,67.3712,26.6291,181,46.1,335,PP,pP,19-01-1975,08:12:08,-4.2,TRUE,ISC,19-01-1975,08:02:01,32.3511,78.487,12.9,ISC,MS,7
BEO,44.8093,20.4714,129,46.12,303.1,P,P,19-01-1975,08:10:25,0,TRUE,ISC,19-01-1975,08:02:01,32.3511,78.487,12.9,ISC,MS,7
KRA,50.0561,19.9397,223,46.23,310.4,P,P,19-01-1975,08:10:25,-0.4,TRUE,ISC,19-01-1975,08:02:01,32.3511,78.487,12.9,ISC,MS,7
OHR,41.1114,20.7989,739,46.32,298,P,P,19-01-1975,08:10:26,-1.1,TRUE,ISC,19-01-1975,08:02:01,32.3511,78.487,12.9,ISC,MS,7
TNG,-6.1717,106.6462,14,46.76,139.9,P,P,19-01-1975,08:10:28,-1.9,TRUE,ISC,19-01-1975,08:02:01,32.3511,78.487,12.9,ISC,MS,7
BUD,47.4836,19.0239,196,46.92,306.9,P,P,19-01-1975,08:10:32,0.8,TRUE,ISC,19-01-1975,08:02:01,32.3511,78.487,12.9,ISC,MS,7
BUD,47.4836,19.0239,196,46.92,306.9,PcP,PcP,19-01-1975,08:12:05,1.3,TRUE,ISC,19-01-1975,08:02:01,32.3511,78.487,12.9,ISC,MS,7
KEV,69.7553,27.0067,80,46.94,338.1,P,P,19-01-1975,08:10:31,-0.6,TRUE,ISC,19-01-1975,08:02:01,32.3511,78.487,12.9,ISC,MS,7
KEV,69.7553,27.0067,80,46.94,338.1,PP,pP,19-01-1975,08:12:20,-1.3,TRUE,ISC,19-01-1975,08:02:01,32.3511,78.487,12.9,ISC,MS,7
KEV,69.7553,27.0067,80,46.94,338.1,S,S,19-01-1975,08:17:24,2.4,TRUE,ISC,19-01-1975,08:02:01,32.3511,78.487,12.9,ISC,MS,7
TIR,41.3477,19.865,247,46.98,298.4,P,P,19-01-1975,08:10:34,1.8,TRUE,ISC,19-01-1975,08:02:01,32.3511,78.487,12.9,ISC,MS,7
TIR,41.3477,19.865,247,46.98,298.4,PP,pP,19-01-1975,08:12:28,5.4,TRUE,ISC,19-01-1975,08:02:01,32.3511,78.487,12.9,ISC,MS,7
TIR,41.3477,19.865,247,46.98,298.4,S,S,19-01-1975,08:17:24,0.7,TRUE,ISC,19-01-1975,08:02:01,32.3511,78.487,12.9,ISC,MS,7
OIC,34.0989,135.317,776,47.04,71.6,P,P,19-01-1975,08:10:30,-2.4,TRUE,ISC,19-01-1975,08:02:01,32.3511,78.487,12.9,ISC,MS,7
SRO,47.8133,18.3133,150,47.38,307.4,P,P,19-01-1975,08:10:37,2.2,TRUE,ISC,19-01-1975,08:02:01,32.3511,78.487,12.9,ISC,MS,7
SRO,47.8133,18.3133,150,47.38,307.4,S,S,19-01-1975,08:17:25,-3.4,TRUE,ISC,19-01-1975,08:02:01,32.3511,78.487,12.9,ISC,MS,7
TIK,71.6333,128.8667,41,47.45,19.4,P,P,19-01-1975,08:10:34,-1.5,TRUE,ISC,19-01-1975,08:02:01,32.3511,78.487,12.9,ISC,MS,7
TIK,71.6333,128.8667,41,47.45,19.4,pP,pP,19-01-1975,08:10:39,-2.2,TRUE,ISC,19-01-1975,08:02:01,32.3511,78.487,12.9,ISC,MS,7
TIK,71.6333,128.8667,41,47.45,19.4,sP,sP,19-01-1975,08:10:45,1.6,TRUE,ISC,19-01-1975,08:02:01,32.3511,78.487,12.9,ISC,MS,7
TIK,71.6333,128.8667,41,47.45,19.4,P,P,19-01-1975,08:10:34,-1.5,TRUE,ISC,19-01-1975,08:02:01,32.3511,78.487,12.9,ISC,MS,7
UME,63.815,20.237,10,47.56,329.3,P,P,19-01-1975,08:10:38,1.7,TRUE,ISC,19-01-1975,08:02:01,32.3511,78.487,12.9,ISC,MS,7
UME,63.815,20.237,10,47.56,329.3,S,S,19-01-1975,08:17:28,-2.4,TRUE,ISC,19-01-1975,08:02:01,32.3511,78.487,12.9,ISC,MS,7
LEM,-6.8266,107.6175,1293,47.83,139.3,P,P,19-01-1975,08:10:35,-3.9,TRUE,ISC,19-01-1975,08:02:01,32.3511,78.487,12.9,ISC,MS,7
UPP,59.8576,17.6229,14,48.11,323.7,P,P,19-01-1975,08:10:38,-1.9,TRUE,ISC,19-01-1975,08:02:01,32.3511,78.487,12.9,ISC,MS,7
UPP,59.8576,17.6229,14,48.11,323.7,P,P,19-01-1975,08:10:42,1.8,TRUE,ISC,19-01-1975,08:02:01,32.3511,78.487,12.9,ISC,MS,7
UPP,59.8576,17.6229,14,48.11,323.7,S,S,19-01-1975,08:17:38,-0.3,TRUE,ISC,19-01-1975,08:02:01,32.3511,78.487,12.9,ISC,MS,7
KIR,67.84,20.4167,390,48.51,334.5,P,P,19-01-1975,08:10:42,-1.1,TRUE,ISC,19-01-1975,08:02:01,32.3511,78.487,12.9,ISC,MS,7
KIR,67.84,20.4167,390,48.51,334.5,P,P,19-01-1975,08:10:46,2.8,TRUE,ISC,19-01-1975,08:02:01,32.3511,78.487,12.9,ISC,MS,7
KIR,67.84,20.4167,390,48.51,334.5,S,S,19-01-1975,08:17:43,-0.9,TRUE,ISC,19-01-1975,08:02:01,32.3511,78.487,12.9,ISC,MS,7
VIE,48.2483,16.3617,198,48.65,308.1,P,P,19-01-1975,08:10:45,0.3,TRUE,ISC,19-01-1975,08:02:01,32.3511,78.487,12.9,ISC,MS,7
VIE,48.2483,16.3617,198,48.65,308.1,PP,pP,19-01-1975,08:12:42,4.5,TRUE,ISC,19-01-1975,08:02:01,32.3511,78.487,12.9,ISC,MS,7
VIE,48.2483,16.3617,198,48.65,308.1,S,S,19-01-1975,08:17:47,0.6,TRUE,ISC,19-01-1975,08:02:01,32.3511,78.487,12.9,ISC,MS,7
VKA,48.265,16.3183,400,48.68,308.1,P,P,19-01-1975,08:10:46,0.7,TRUE,ISC,19-01-1975,08:02:01,32.3511,78.487,12.9,ISC,MS,7
VKA,48.265,16.3183,400,48.68,308.1,sP,pP,19-01-1975,08:10:56,3.1,TRUE,ISC,19-01-1975,08:02:01,32.3511,78.487,12.9,ISC,MS,7
VKA,48.265,16.3183,400,48.68,308.1,PP,pP,19-01-1975,08:12:40,2.2,TRUE,ISC,19-01-1975,08:02:01,32.3511,78.487,12.9,ISC,MS,7
VKA,48.265,16.3183,400,48.68,308.1,S,S,19-01-1975,08:17:47,0.1,TRUE,ISC,19-01-1975,08:02:01,32.3511,78.487,12.9,ISC,MS,7
MAT,36.5427,138.207,406,48.74,67.7,P,P,19-01-1975,08:10:42,-3.6,TRUE,ISC,19-01-1975,08:02:01,32.3511,78.487,12.9,ISC,MS,7
MAT,36.5427,138.207,406,48.74,67.7,PP,pP,19-01-1975,08:12:43,4.4,TRUE,ISC,19-01-1975,08:02:01,32.3511,78.487,12.9,ISC,MS,7
MAT,36.5427,138.207,406,48.74,67.7,S,S,19-01-1975,08:17:40,-8.1,TRUE,ISC,19-01-1975,08:02:01,32.3511,78.487,12.9,ISC,MS,7
KHE,80.6167,58.05,21.6,49.04,355.6,P,P,19-01-1975,08:10:46,-1.2,TRUE,ISC,19-01-1975,08:02:01,32.3511,78.487,12.9,ISC,MS,7
KHE,80.6167,58.05,21.6,49.04,355.6,sP,sP,19-01-1975,08:10:59,3.9,TRUE,ISC,19-01-1975,08:02:01,32.3511,78.487,12.9,ISC,MS,7
KHE,80.6167,58.05,21.6,49.04,355.6,S,S,19-01-1975,08:17:56,4.3,TRUE,ISC,19-01-1975,08:02:01,32.3511,78.487,12.9,ISC,MS,7
KHE,80.6167,58.05,21.6,49.04,355.6,P,P,19-01-1975,08:10:47,-0.7,TRUE,ISC,19-01-1975,08:02:01,32.3511,78.487,12.9,ISC,MS,7
KHE,80.6167,58.05,21.6,49.04,355.6,S,S,19-01-1975,08:17:56,4.3,TRUE,ISC,19-01-1975,08:02:01,32.3511,78.487,12.9,ISC,MS,7
ZAG,45.827,15.987,188,49.16,304.9,P,P,19-01-1975,08:10:52,3.3,TRUE,ISC,19-01-1975,08:02:01,32.3511,78.487,12.9,ISC,MS,7
ZAG,45.827,15.987,188,49.16,304.9,PP,pP,19-01-1975,08:12:47,4.6,TRUE,ISC,19-01-1975,08:02:01,32.3511,78.487,12.9,ISC,MS,7
ZAG,45.827,15.987,188,49.16,304.9,S,S,19-01-1975,08:17:58,4.5,TRUE,ISC,19-01-1975,08:02:01,32.3511,78.487,12.9,ISC,MS,7
DDR,35.9983,139.193,800,49.65,68.1,P,P,19-01-1975,08:10:52,-1,TRUE,ISC,19-01-1975,08:02:01,32.3511,78.487,12.9,ISC,MS,7
DDR,35.9983,139.193,800,49.65,68.1,pP,S,19-01-1975,08:10:54,-4.5,TRUE,ISC,19-01-1975,08:02:01,32.3511,78.487,12.9,ISC,MS,7
PRU,49.9883,14.5417,302,49.71,310.5,P,P,19-01-1975,08:10:54,0.8,TRUE,ISC,19-01-1975,08:02:01,32.3511,78.487,12.9,ISC,MS,7
PRU,49.9883,14.5417,302,49.71,310.5,PP,pP,19-01-1975,08:12:51,3.9,TRUE,ISC,19-01-1975,08:02:01,32.3511,78.487,12.9,ISC,MS,7
PRU,49.9883,14.5417,302,49.71,310.5,S,S,19-01-1975,08:18:04,2.8,TRUE,ISC,19-01-1975,08:02:01,32.3511,78.487,12.9,ISC,MS,7
SAP,43.0583,141.332,17,49.8,58.6,P,P,19-01-1975,08:10:54,0.5,TRUE,ISC,19-01-1975,08:02:01,32.3511,78.487,12.9,ISC,MS,7
SAP,43.0583,141.332,17,49.8,58.6,S,S,19-01-1975,08:18:03,0.3,TRUE,ISC,19-01-1975,08:02:01,32.3511,78.487,12.9,ISC,MS,7
SRY,35.6083,139.274,254,49.81,68.6,P,P,19-01-1975,08:10:53,-0.9,TRUE,ISC,19-01-1975,08:02:01,32.3511,78.487,12.9,ISC,MS,7
SRY,35.6083,139.274,254,49.81,68.6,pP,S,19-01-1975,08:10:55,-4.5,TRUE,ISC,19-01-1975,08:02:01,32.3511,78.487,12.9,ISC,MS,7
OYM,35.4201,139.243,600,49.84,68.8,P,P,19-01-1975,08:10:53,-0.6,TRUE,ISC,19-01-1975,08:02:01,32.3511,78.487,12.9,ISC,MS,7
OYM,35.4201,139.243,600,49.84,68.8,pP,S,19-01-1975,08:10:57,-3.1,TRUE,ISC,19-01-1975,08:02:01,32.3511,78.487,12.9,ISC,MS,7
BRG,50.8732,13.9428,296,50.02,311.7,P,P,19-01-1975,08:10:55,-0.3,TRUE,ISC,19-01-1975,08:02:01,32.3511,78.487,12.9,ISC,MS,7
HFS,60.1335,13.6945,296.7,50.1,323.8,P,P,19-01-1975,08:10:54,-1.4,TRUE,ISC,19-01-1975,08:02:01,32.3511,78.487,12.9,ISC,MS,7
LJU,46.0438,14.5274,396,50.14,305.4,P,P,19-01-1975,08:10:57,0.7,TRUE,ISC,19-01-1975,08:02:01,32.3511,78.487,12.9,ISC,MS,7
LJU,46.0438,14.5274,396,50.14,305.4,PP,pP,19-01-1975,08:12:58,6.9,TRUE,ISC,19-01-1975,08:02:01,32.3511,78.487,12.9,ISC,MS,7
LJU,46.0438,14.5274,396,50.14,305.4,S,S,19-01-1975,08:18:05,-2.4,TRUE,ISC,19-01-1975,08:02:01,32.3511,78.487,12.9,ISC,MS,7
YSS,46.9539,142.755,98,50.23,53.4,P,P,19-01-1975,08:10:58,1.3,TRUE,ISC,19-01-1975,08:02:01,32.3511,78.487,12.9,ISC,MS,7
YSS,46.9539,142.755,98,50.23,53.4,S,S,19-01-1975,08:18:10,1,TRUE,ISC,19-01-1975,08:02:01,32.3511,78.487,12.9,ISC,MS,7
YSS,46.9539,142.755,98,50.23,53.4,P,P,19-01-1975,08:10:58,1.3,TRUE,ISC,19-01-1975,08:02:01,32.3511,78.487,12.9,ISC,MS,7
YSS,46.9539,142.755,98,50.23,53.4,S,S,19-01-1975,08:18:10,1,TRUE,ISC,19-01-1975,08:02:01,32.3511,78.487,12.9,ISC,MS,7
BRN,52.4188,13.2031,45,50.38,313.8,P,P,19-01-1975,08:11:00,2.3,TRUE,ISC,19-01-1975,08:02:01,32.3511,78.487,12.9,ISC,MS,7
KHC,49.1309,13.5782,695,50.41,309.5,S,S,19-01-1975,08:18:06,-5.1,TRUE,ISC,19-01-1975,08:02:01,32.3511,78.487,12.9,ISC,MS,7
MIZ,39.1343,141.136,63,50.42,63.7,P,P,19-01-1975,08:11:00,1.7,TRUE,ISC,19-01-1975,08:02:01,32.3511,78.487,12.9,ISC,MS,7
MIZ,39.1343,141.136,63,50.42,63.7,S,S,19-01-1975,08:18:11,-0.4,TRUE,ISC,19-01-1975,08:02:01,32.3511,78.487,12.9,ISC,MS,7
DAV,7.07,125.579,145.7,50.43,109.4,P,P,19-01-1975,08:11:00,1.4,TRUE,ISC,19-01-1975,08:02:01,32.3511,78.487,12.9,ISC,MS,7
DAV,7.07,125.579,145.7,50.43,109.4,S,S,19-01-1975,08:18:12,-0.1,TRUE,ISC,19-01-1975,08:02:01,32.3511,78.487,12.9,ISC,MS,7
CLL,51.3077,13.0026,230,50.58,312.3,P,P,19-01-1975,08:10:58,-1.3,TRUE,ISC,19-01-1975,08:02:01,32.3511,78.487,12.9,ISC,MS,7
CLL,51.3077,13.0026,230,50.58,312.3,pP,P,19-01-1975,08:11:02,-3.1,TRUE,ISC,19-01-1975,08:02:01,32.3511,78.487,12.9,ISC,MS,7
CLL,51.3077,13.0026,230,50.58,312.3,PP,pP,19-01-1975,08:13:00,5,TRUE,ISC,19-01-1975,08:02:01,32.3511,78.487,12.9,ISC,MS,7
CLL,51.3077,13.0026,230,50.58,312.3,S,S,19-01-1975,08:18:16,2.7,TRUE,ISC,19-01-1975,08:02:01,32.3511,78.487,12.9,ISC,MS,7
CLL,51.3077,13.0026,230,50.58,312.3,SS,SS,19-01-1975,08:21:38,-9.1,TRUE,ISC,19-01-1975,08:02:01,32.3511,78.487,12.9,ISC,MS,7
KYS,35.1977,140.148,180,50.61,68.9,P,P,19-01-1975,08:11:02,1.8,TRUE,ISC,19-01-1975,08:02:01,32.3511,78.487,12.9,ISC,MS,7
COP,55.6853,12.4325,13,50.69,318,P,P,19-01-1975,08:11:00,-0.1,TRUE,ISC,19-01-1975,08:02:01,32.3511,78.487,12.9,ISC,MS,7
COP,55.6853,12.4325,13,50.69,318,S,S,19-01-1975,08:18:10,-4.7,TRUE,ISC,19-01-1975,08:02:01,32.3511,78.487,12.9,ISC,MS,7
TRI,45.7089,13.7642,161,50.71,305.1,P,P,19-01-1975,08:10:59,-1.6,TRUE,ISC,19-01-1975,08:02:01,32.3511,78.487,12.9,ISC,MS,7
TRI,45.7089,13.7642,161,50.71,305.1,S,S,19-01-1975,08:18:17,1.7,TRUE,ISC,19-01-1975,08:02:01,32.3511,78.487,12.9,ISC,MS,7
RCI,38.1056,15.6433,29,50.8,295.1,P,P,19-01-1975,08:11:05,3.4,TRUE,ISC,19-01-1975,08:02:01,32.3511,78.487,12.9,ISC,MS,7
MES,38.1989,15.555,45,50.85,295.2,P,P,19-01-1975,08:11:02,0.1,TRUE,ISC,19-01-1975,08:02:01,32.3511,78.487,12.9,ISC,MS,7
KMU,42.2386,142.967,185,51.14,59.4,P,P,19-01-1975,08:11:05,1.1,TRUE,ISC,19-01-1975,08:02:01,32.3511,78.487,12.9,ISC,MS,7
MOX,50.6447,11.6156,455,51.51,311.6,P,P,19-01-1975,08:11:07,0.6,TRUE,ISC,19-01-1975,08:02:01,32.3511,78.487,12.9,ISC,MS,7
MOX,50.6447,11.6156,455,51.51,311.6,S,S,19-01-1975,08:18:30,3.7,TRUE,ISC,19-01-1975,08:02:01,32.3511,78.487,12.9,ISC,MS,7
MOX,50.6447,11.6156,455,51.51,311.6,SS,SS,19-01-1975,08:22:00,-2,TRUE,ISC,19-01-1975,08:02:01,32.3511,78.487,12.9,ISC,MS,7
NAO,60.8237,10.8324,379,51.55,324.6,P,P,19-01-1975,08:11:05,-1.5,TRUE,ISC,19-01-1975,08:02:01,32.3511,78.487,12.9,ISC,MS,7
AQU,42.3539,13.4019,729,51.55,300.9,P,P,19-01-1975,08:11:08,1.1,TRUE,ISC,19-01-1975,08:02:01,32.3511,78.487,12.9,ISC,MS,7
AQU,42.3539,13.4019,729,51.55,300.9,S,S,19-01-1975,08:18:32,4.8,TRUE,ISC,19-01-1975,08:02:01,32.3511,78.487,12.9,ISC,MS,7
NAI,-1.2739,36.8037,1692,51.67,237.9,P,P,19-01-1975,08:11:09,0.8,TRUE,ISC,19-01-1975,08:02:01,32.3511,78.487,12.9,ISC,MS,7
GRF,49.6919,11.2217,500,51.87,310.4,P,P,19-01-1975,08:11:09,0.3,TRUE,ISC,19-01-1975,08:02:01,32.3511,78.487,12.9,ISC,MS,7
GRF,49.6919,11.2217,500,51.87,310.4,sP,pP,19-01-1975,08:11:21,3.9,TRUE,ISC,19-01-1975,08:02:01,32.3511,78.487,12.9,ISC,MS,7
GRF,49.6919,11.2217,500,51.87,310.4,S,S,19-01-1975,08:18:36,4.7,TRUE,ISC,19-01-1975,08:02:01,32.3511,78.487,12.9,ISC,MS,7
FUR,48.1655,11.2763,565,52.04,308.5,P,P,19-01-1975,08:11:10,-0.4,TRUE,ISC,19-01-1975,08:02:01,32.3511,78.487,12.9,ISC,MS,7
PEG,43.1014,12.3969,495,52.13,302,P,P,19-01-1975,08:11:16,4.4,TRUE,ISC,19-01-1975,08:02:01,32.3511,78.487,12.9,ISC,MS,7
PEG,43.1014,12.3969,495,52.13,302,S,S,19-01-1975,08:18:35,-0.1,TRUE,ISC,19-01-1975,08:02:01,32.3511,78.487,12.9,ISC,MS,7
KON,59.6491,9.5982,216,52.15,323.1,P,P,19-01-1975,08:11:10,-1.4,TRUE,ISC,19-01-1975,08:02:01,32.3511,78.487,12.9,ISC,MS,7
RMP,41.8111,12.7022,380,52.18,300.3,P,P,19-01-1975,08:11:13,1,TRUE,ISC,19-01-1975,08:02:01,32.3511,78.487,12.9,ISC,MS,7
RMP,41.8111,12.7022,380,52.18,300.3,PP,pP,19-01-1975,08:13:12,2.3,TRUE,ISC,19-01-1975,08:02:01,32.3511,78.487,12.9,ISC,MS,7
RMP,41.8111,12.7022,380,52.18,300.3,S,S,19-01-1975,08:18:32,-3.7,TRUE,ISC,19-01-1975,08:02:01,32.3511,78.487,12.9,ISC,MS,7
NEM,43.3283,145.59,26,52.81,57.5,P,P,19-01-1975,08:11:16,-0.1,TRUE,ISC,19-01-1975,08:02:01,32.3511,78.487,12.9,ISC,MS,7
NEM,43.3283,145.59,26,52.81,57.5,S,S,19-01-1975,08:18:40,-4.2,TRUE,ISC,19-01-1975,08:02:01,32.3511,78.487,12.9,ISC,MS,7
FIR,43.7739,11.255,46,52.81,303,P,P,19-01-1975,08:11:17,0.9,TRUE,ISC,19-01-1975,08:02:01,32.3511,78.487,12.9,ISC,MS,7
FIR,43.7739,11.255,46,52.81,303,S,S,19-01-1975,08:18:46,1.8,TRUE,ISC,19-01-1975,08:02:01,32.3511,78.487,12.9,ISC,MS,7
PRT,43.88,11.0942,61,52.91,303.2,P,P,19-01-1975,08:11:20,3,TRUE,ISC,19-01-1975,08:02:01,32.3511,78.487,12.9,ISC,MS,7
MNI,1.4439,124.8399,191,53.32,115.6,P,P,19-01-1975,08:11:22,1.7,TRUE,ISC,19-01-1975,08:02:01,32.3511,78.487,12.9,ISC,MS,7
STU,48.7719,9.195,360,53.32,309.5,P,P,19-01-1975,08:11:19,-1.3,TRUE,ISC,19-01-1975,08:02:01,32.3511,78.487,12.9,ISC,MS,7
STU,48.7719,9.195,360,53.32,309.5,S,S,19-01-1975,08:18:56,4.9,TRUE,ISC,19-01-1975,08:02:01,32.3511,78.487,12.9,ISC,MS,7
TNS,50.2225,8.4473,815,53.58,311.4,P,P,19-01-1975,08:11:24,2.3,TRUE,ISC,19-01-1975,08:02:01,32.3511,78.487,12.9,ISC,MS,7
DNP,-8.6772,115.2102,15,53.78,132.9,P,P,19-01-1975,08:11:23,-0.6,TRUE,ISC,19-01-1975,08:02:01,32.3511,78.487,12.9,ISC,MS,7
DNP,-8.6772,115.2102,15,53.78,132.9,S,S,19-01-1975,08:18:54,-3.8,TRUE,ISC,19-01-1975,08:02:01,32.3511,78.487,12.9,ISC,MS,7
KRL,49.0108,8.4122,114,53.79,309.9,P,P,19-01-1975,08:11:25,1.6,TRUE,ISC,19-01-1975,08:02:01,32.3511,78.487,12.9,ISC,MS,7
BUB,47.749,8.603,740,53.88,308.3,P,P,19-01-1975,08:11:20,-3.7,TRUE,ISC,19-01-1975,08:02:01,32.3511,78.487,12.9,ISC,MS,7
MAG,59.554,150.805,50,53.9,36.9,P,P,19-01-1975,08:11:21,-2.4,TRUE,ISC,19-01-1975,08:02:01,32.3511,78.487,12.9,ISC,MS,7
MAG,59.554,150.805,50,53.9,36.9,S,S,19-01-1975,08:18:54,-4.1,TRUE,ISC,19-01-1975,08:02:01,32.3511,78.487,12.9,ISC,MS,7
BUH,48.6755,8.2284,750,53.97,309.5,P,P,19-01-1975,08:11:24,-1,TRUE,ISC,19-01-1975,08:02:01,32.3511,78.487,12.9,ISC,MS,7
MKS,-5.2178,119.47,28,53.97,126.1,P,P,19-01-1975,08:11:27,1.6,TRUE,ISC,19-01-1975,08:02:01,32.3511,78.487,12.9,ISC,MS,7
MKS,-5.2178,119.47,28,53.97,126.1,S,S,19-01-1975,08:19:01,0.8,TRUE,ISC,19-01-1975,08:02:01,32.3511,78.487,12.9,ISC,MS,7
KBS,78.9256,11.9417,74,54.01,347.3,P,P,19-01-1975,08:11:24,-0.4,TRUE,ISC,19-01-1975,08:02:01,32.3511,78.487,12.9,ISC,MS,7
KUR,45.2333,147.8667,25,54.02,54.8,P,P,19-01-1975,08:11:25,-0.1,TRUE,ISC,19-01-1975,08:02:01,32.3511,78.487,12.9,ISC,MS,7
KUR,45.2333,147.8667,25,54.02,54.8,S,S,19-01-1975,08:19:00,-0.2,TRUE,ISC,19-01-1975,08:02:01,32.3511,78.487,12.9,ISC,MS,7
KUR,45.2333,147.8667,25,54.02,54.8,P,P,19-01-1975,08:11:25,-0.1,TRUE,ISC,19-01-1975,08:02:01,32.3511,78.487,12.9,ISC,MS,7
KUR,45.2333,147.8667,25,54.02,54.8,S,S,19-01-1975,08:19:00,-0.2,TRUE,ISC,19-01-1975,08:02:01,32.3511,78.487,12.9,ISC,MS,7
ZUL,47.4813,8.3903,700,54.07,308,P,P,19-01-1975,08:11:23,-2.4,TRUE,ISC,19-01-1975,08:02:01,32.3511,78.487,12.9,ISC,MS,7
BER,60.3838,5.3339,50,54.26,324.2,P,P,19-01-1975,08:11:25,-1.1,TRUE,ISC,19-01-1975,08:02:01,32.3511,78.487,12.9,ISC,MS,7
BNS,50.9639,7.1756,200,54.26,312.4,P,P,19-01-1975,08:11:28,1.4,TRUE,ISC,19-01-1975,08:02:01,32.3511,78.487,12.9,ISC,MS,7
BNS,50.9639,7.1756,200,54.26,312.4,S,S,19-01-1975,08:19:07,3.3,TRUE,ISC,19-01-1975,08:02:01,32.3511,78.487,12.9,ISC,MS,7
STR,48.5845,7.7658,135,54.28,309.5,P,P,19-01-1975,08:11:29,2.6,TRUE,ISC,19-01-1975,08:02:01,32.3511,78.487,12.9,ISC,MS,7
STR,48.5845,7.7658,135,54.28,309.5,PcP,PcP,19-01-1975,08:12:24,-6.9,TRUE,ISC,19-01-1975,08:02:01,32.3511,78.487,12.9,ISC,MS,7
STR,48.5845,7.7658,135,54.28,309.5,PP,pP,19-01-1975,08:13:32,3.5,TRUE,ISC,19-01-1975,08:02:01,32.3511,78.487,12.9,ISC,MS,7
STR,48.5845,7.7658,135,54.28,309.5,S,S,19-01-1975,08:19:08,3.9,TRUE,ISC,19-01-1975,08:02:01,32.3511,78.487,12.9,ISC,MS,7
WIT,52.8133,6.6683,17,54.3,314.8,P,P,19-01-1975,08:11:30,2.9,TRUE,ISC,19-01-1975,08:02:01,32.3511,78.487,12.9,ISC,MS,7
SEY,62.9328,152.3822,218,54.48,32.7,P,P,19-01-1975,08:11:28,-0.2,TRUE,ISC,19-01-1975,08:02:01,32.3511,78.487,12.9,ISC,MS,7
SEY,62.9328,152.3822,218,54.48,32.7,S,S,19-01-1975,08:19:01,-5.5,TRUE,ISC,19-01-1975,08:02:01,32.3511,78.487,12.9,ISC,MS,7
WLS,48.4133,7.3533,775,54.59,309.3,P,P,19-01-1975,08:11:28,-1.1,TRUE,ISC,19-01-1975,08:02:01,32.3511,78.487,12.9,ISC,MS,7
BAS,47.54,7.5817,309,54.6,308.2,P,P,19-01-1975,08:11:32,2.8,TRUE,ISC,19-01-1975,08:02:01,32.3511,78.487,12.9,ISC,MS,7
CDF,48.4122,7.2761,1068,54.64,309.3,P,P,19-01-1975,08:11:30,0,TRUE,ISC,19-01-1975,08:02:01,32.3511,78.487,12.9,ISC,MS,7
ECH,48.2158,7.1583,580,54.75,309.1,P,P,19-01-1975,08:11:29,-1.3,TRUE,ISC,19-01-1975,08:02:01,32.3511,78.487,12.9,ISC,MS,7
BAF,47.8347,6.9953,1000,54.93,308.7,P,P,19-01-1975,08:11:30,-1.4,TRUE,ISC,19-01-1975,08:02:01,32.3511,78.487,12.9,ISC,MS,7
HEE,50.885,5.9817,115,55.02,312.5,P,P,19-01-1975,08:11:35,2.4,TRUE,ISC,19-01-1975,08:02:01,32.3511,78.487,12.9,ISC,MS,7
BSF,47.8319,6.7922,1200,55.07,308.7,P,P,19-01-1975,08:11:31,-1.3,TRUE,ISC,19-01-1975,08:02:01,32.3511,78.487,12.9,ISC,MS,7
SBS,36.87,10.35,125,55.19,295,P,P,19-01-1975,08:11:33,-0.6,TRUE,ISC,19-01-1975,08:02:01,32.3511,78.487,12.9,ISC,MS,7
DBN,52.1017,5.1767,3,55.31,314.1,P,P,19-01-1975,08:11:32,-2.2,TRUE,ISC,19-01-1975,08:02:01,32.3511,78.487,12.9,ISC,MS,7
DBN,52.1017,5.1767,3,55.31,314.1,PP,pP,19-01-1975,08:13:37,-0.6,TRUE,ISC,19-01-1975,08:02:01,32.3511,78.487,12.9,ISC,MS,7
DBN,52.1017,5.1767,3,55.31,314.1,ScS,ScS,19-01-1975,08:21:15,-8,TRUE,ISC,19-01-1975,08:02:01,32.3511,78.487,12.9,ISC,MS,7
HAU,48.0056,6.3481,577,55.32,309,P,P,19-01-1975,08:11:33,-1.2,TRUE,ISC,19-01-1975,08:02:01,32.3511,78.487,12.9,ISC,MS,7
ISO,44.1833,7.05,876,55.69,304.3,P,P,19-01-1975,08:11:36,-0.9,TRUE,ISC,19-01-1975,08:02:01,32.3511,78.487,12.9,ISC,MS,7
DOU,50.096,4.595,224,56.04,311.8,P,P,19-01-1975,08:11:38,-1.1,TRUE,ISC,19-01-1975,08:02:01,32.3511,78.487,12.9,ISC,MS,7
DOU,50.096,4.595,224,56.04,311.8,PcP,PcP,19-01-1975,08:12:35,-2.2,TRUE,ISC,19-01-1975,08:02:01,32.3511,78.487,12.9,ISC,MS,7
DOU,50.096,4.595,224,56.04,311.8,S,S,19-01-1975,08:19:26,-1.6,TRUE,ISC,19-01-1975,08:02:01,32.3511,78.487,12.9,ISC,MS,7
UCC,50.7983,4.3594,105,56.05,312.6,P,P,19-01-1975,08:11:41,1.5,TRUE,ISC,19-01-1975,08:02:01,32.3511,78.487,12.9,ISC,MS,7
UCC,50.7983,4.3594,105,56.05,312.6,S,S,19-01-1975,08:19:29,1.4,TRUE,ISC,19-01-1975,08:02:01,32.3511,78.487,12.9,ISC,MS,7
UCC,50.7983,4.3594,105,56.05,312.6,SPn,SP,19-01-1975,08:19:36,0,TRUE,ISC,19-01-1975,08:02:01,32.3511,78.487,12.9,ISC,MS,7
SPF,43.5639,6.6972,337,56.08,303.7,P,P,19-01-1975,08:11:39,-1.1,TRUE,ISC,19-01-1975,08:02:01,32.3511,78.487,12.9,ISC,MS,7
LRG,43.4547,6.3603,110,56.35,303.6,P,P,19-01-1975,08:11:41,-1,TRUE,ISC,19-01-1975,08:02:01,32.3511,78.487,12.9,ISC,MS,7
LBF,46.9844,3.9772,715,57.12,308.2,P,P,19-01-1975,08:11:46,-1.8,TRUE,ISC,19-01-1975,08:02:01,32.3511,78.487,12.9,ISC,MS,7
LOR,47.2683,3.8589,520,57.13,308.6,P,P,19-01-1975,08:11:46,-1.8,TRUE,ISC,19-01-1975,08:02:01,32.3511,78.487,12.9,ISC,MS,7
SSF,47.0615,3.506,355,57.41,308.4,P,P,19-01-1975,08:11:48,-1.3,TRUE,ISC,19-01-1975,08:02:01,32.3511,78.487,12.9,ISC,MS,7
SKR,50.683,156.117,22,58.25,47,P,P,19-01-1975,08:11:54,-1.1,TRUE,ISC,19-01-1975,08:02:01,32.3511,78.487,12.9,ISC,MS,7
SKR,50.683,156.117,22,58.25,47,sP,pP,19-01-1975,08:12:04,1,TRUE,ISC,19-01-1975,08:02:01,32.3511,78.487,12.9,ISC,MS,7
SKR,50.683,156.117,22,58.25,47,S,S,19-01-1975,08:19:56,-0.6,TRUE,ISC,19-01-1975,08:02:01,32.3511,78.487,12.9,ISC,MS,7
SKR,50.683,156.117,22,58.25,47,sS,sS,19-01-1975,08:20:10,3.9,TRUE,ISC,19-01-1975,08:02:01,32.3511,78.487,12.9,ISC,MS,7
SKR,50.683,156.117,22,58.25,47,P,P,19-01-1975,08:11:54,-1.1,TRUE,ISC,19-01-1975,08:02:01,32.3511,78.487,12.9,ISC,MS,7
SKR,50.683,156.117,22,58.25,47,S,S,19-01-1975,08:19:56,-0.6,TRUE,ISC,19-01-1975,08:02:01,32.3511,78.487,12.9,ISC,MS,7
TCF,46.2881,2.21,593,58.47,307.8,P,P,19-01-1975,08:11:56,-1,TRUE,ISC,19-01-1975,08:02:01,32.3511,78.487,12.9,ISC,MS,7
DUR,54.7684,-1.585,103,58.76,318.1,P,P,19-01-1975,08:12:01,2.4,TRUE,ISC,19-01-1975,08:02:01,32.3511,78.487,12.9,ISC,MS,7
DUR,54.7684,-1.585,103,58.76,318.1,S,S,19-01-1975,08:20:05,1.8,TRUE,ISC,19-01-1975,08:02:01,32.3511,78.487,12.9,ISC,MS,7
LSF,46.25,1.5294,430,58.94,307.9,P,P,19-01-1975,08:11:58,-1.6,TRUE,ISC,19-01-1975,08:02:01,32.3511,78.487,12.9,ISC,MS,7
CWF,52.7383,-1.3072,186,59.07,315.8,P,P,19-01-1975,08:12:03,1.7,TRUE,ISC,19-01-1975,08:02:01,32.3511,78.487,12.9,ISC,MS,7
EGL,55.8617,-2.7383,245,59.16,319.5,P,P,19-01-1975,08:12:00,-1.6,TRUE,ISC,19-01-1975,08:02:01,32.3511,78.487,12.9,ISC,MS,7
SET,36.2,5.4,1000,59.18,295.7,P,P,19-01-1975,08:12:01,-1,TRUE,ISC,19-01-1975,08:02:01,32.3511,78.487,12.9,ISC,MS,7
PET,53.0239,158.6531,68,59.22,43.8,S,S,19-01-1975,08:20:06,-3.2,TRUE,ISC,19-01-1975,08:02:01,32.3511,78.487,12.9,ISC,MS,7
PET,53.0239,158.6531,68,59.22,43.8,S,S,19-01-1975,08:20:06,-3.2,TRUE,ISC,19-01-1975,08:02:01,32.3511,78.487,12.9,ISC,MS,7
EBL,55.7733,-3.0436,365,59.35,319.5,P,P,19-01-1975,08:12:02,-1,TRUE,ISC,19-01-1975,08:02:01,32.3511,78.487,12.9,ISC,MS,7
SSC,48.5842,-0.1075,300,59.38,310.9,P,P,19-01-1975,08:12:02,-1.5,TRUE,ISC,19-01-1975,08:02:01,32.3511,78.487,12.9,ISC,MS,7
EDI,55.9233,-3.1875,125,59.39,319.7,P,P,19-01-1975,08:12:01,-2.4,TRUE,ISC,19-01-1975,08:02:01,32.3511,78.487,12.9,ISC,MS,7
ARH,45.0097,1.3117,320,59.43,306.6,P,P,19-01-1975,08:12:03,-0.7,TRUE,ISC,19-01-1975,08:02:01,32.3511,78.487,12.9,ISC,MS,7
EBH,56.2481,-3.5081,375,59.49,320.1,P,P,19-01-1975,08:12:02,-1.8,TRUE,ISC,19-01-1975,08:02:01,32.3511,78.487,12.9,ISC,MS,7
EKA,55.3331,-3.1592,263,59.52,319,P,P,19-01-1975,08:12:03,-1.3,TRUE,ISC,19-01-1975,08:02:01,32.3511,78.487,12.9,ISC,MS,7
ESK,55.3167,-3.205,263,59.55,319,P,P,19-01-1975,08:12:07,2.8,TRUE,ISC,19-01-1975,08:02:01,32.3511,78.487,12.9,ISC,MS,7
EAU,55.8454,-3.4474,359,59.55,319.6,P,P,19-01-1975,08:12:03,-1.4,TRUE,ISC,19-01-1975,08:02:01,32.3511,78.487,12.9,ISC,MS,7
FLN,48.7625,-0.4819,240,59.57,311.1,P,P,19-01-1975,08:12:03,-1.6,TRUE,ISC,19-01-1975,08:02:01,32.3511,78.487,12.9,ISC,MS,7
LPO,44.6831,1.1869,330,59.61,306.2,P,P,19-01-1975,08:12:04,-0.3,TRUE,ISC,19-01-1975,08:02:01,32.3511,78.487,12.9,ISC,MS,7
LFF,44.9395,0.7402,200,59.84,306.6,P,P,19-01-1975,08:12:05,-0.9,TRUE,ISC,19-01-1975,08:02:01,32.3511,78.487,12.9,ISC,MS,7
GRR,48.3883,-0.8583,220,59.91,310.8,P,P,19-01-1975,08:12:05,-1.7,TRUE,ISC,19-01-1975,08:02:01,32.3511,78.487,12.9,ISC,MS,7
MFF,46.6022,-0.1458,270,59.95,308.7,P,P,19-01-1975,08:12:05,-1.8,TRUE,ISC,19-01-1975,08:02:01,32.3511,78.487,12.9,ISC,MS,7
EAB,56.1881,-4.34,250,59.96,320.2,P,P,19-01-1975,08:12:05,-1.6,TRUE,ISC,19-01-1975,08:02:01,32.3511,78.487,12.9,ISC,MS,7
LPF,48.0315,-1.0408,156,60.13,310.4,P,P,19-01-1975,08:12:06,-1.9,TRUE,ISC,19-01-1975,08:02:01,32.3511,78.487,12.9,ISC,MS,7
SGR,47.7094,-0.923,90,60.15,310.1,P,P,19-01-1975,08:12:08,-0.8,TRUE,ISC,19-01-1975,08:02:01,32.3511,78.487,12.9,ISC,MS,7
SGR,47.7094,-0.923,90,60.15,310.1,PcP,PcP,19-01-1975,08:12:50,-3.9,TRUE,ISC,19-01-1975,08:02:01,32.3511,78.487,12.9,ISC,MS,7
SGR,47.7094,-0.923,90,60.15,310.1,S,S,19-01-1975,08:20:17,-4.3,TRUE,ISC,19-01-1975,08:02:01,32.3511,78.487,12.9,ISC,MS,7
MLS,42.9578,1.0947,450,60.18,304.3,P,P,19-01-1975,08:12:07,-1.7,TRUE,ISC,19-01-1975,08:02:01,32.3511,78.487,12.9,ISC,MS,7
MLS,42.9578,1.0947,450,60.18,304.3,S,S,19-01-1975,08:20:23,1,TRUE,ISC,19-01-1975,08:02:01,32.3511,78.487,12.9,ISC,MS,7
KUG,-10.1513,123.605,52,60.34,126.6,P,P,19-01-1975,08:12:13,2.5,TRUE,ISC,19-01-1975,08:02:01,32.3511,78.487,12.9,ISC,MS,7
KUG,-10.1513,123.605,52,60.34,126.6,S,S,19-01-1975,08:20:29,4,TRUE,ISC,19-01-1975,08:02:01,32.3511,78.487,12.9,ISC,MS,7
DAG,76.7714,-18.6547,30,60.4,344.8,P,P,19-01-1975,08:12:09,-0.1,TRUE,ISC,19-01-1975,08:02:01,32.3511,78.487,12.9,ISC,MS,7
DAG,76.7714,-18.6547,30,60.4,344.8,S,S,19-01-1975,08:20:25,1.3,TRUE,ISC,19-01-1975,08:02:01,32.3511,78.487,12.9,ISC,MS,7
DAG,76.7714,-18.6547,30,60.4,344.8,PnS,PS,19-01-1975,08:20:48,11.2,TRUE,ISC,19-01-1975,08:02:01,32.3511,78.487,12.9,ISC,MS,7
BNG,4.435,18.5467,378,62.38,256.9,P,P,19-01-1975,08:12:21,-2.7,TRUE,ISC,19-01-1975,08:02:01,32.3511,78.487,12.9,ISC,MS,7
GUA,13.5397,144.9141,287,63.06,90.7,P,P,19-01-1975,08:12:28,-0.9,TRUE,ISC,19-01-1975,08:02:01,32.3511,78.487,12.9,ISC,MS,7
KTG,70.4167,-21.9833,6,63.29,338.2,P,P,19-01-1975,08:12:30,0.9,TRUE,ISC,19-01-1975,08:02:01,32.3511,78.487,12.9,ISC,MS,7
AKU,65.6867,-18.1067,24,63.61,332.7,P,P,19-01-1975,08:12:35,3.6,TRUE,ISC,19-01-1975,08:02:01,32.3511,78.487,12.9,ISC,MS,7
VAL,51.9394,-10.2442,14,64.54,316.7,P,P,19-01-1975,08:12:40,2.6,TRUE,ISC,19-01-1975,08:02:01,32.3511,78.487,12.9,ISC,MS,7
VAL,51.9394,-10.2442,14,64.54,316.7,S,S,19-01-1975,08:21:19,2.5,TRUE,ISC,19-01-1975,08:02:01,32.3511,78.487,12.9,ISC,MS,7
TOL,39.8814,-4.0486,480,64.87,302.6,P,P,19-01-1975,08:12:38,-2,TRUE,ISC,19-01-1975,08:02:01,32.3511,78.487,12.9,ISC,MS,7
TOL,39.8814,-4.0486,480,64.87,302.6,S,S,19-01-1975,08:21:17,-4,TRUE,ISC,19-01-1975,08:02:01,32.3511,78.487,12.9,ISC,MS,7
ILT,67.87,-178.73,244,65.05,24.1,P,P,19-01-1975,08:12:39,-2.1,TRUE,ISC,19-01-1975,08:02:01,32.3511,78.487,12.9,ISC,MS,7
ILT,67.87,-178.73,244,65.05,24.1,pP,pP,19-01-1975,08:12:43,-3.5,TRUE,ISC,19-01-1975,08:02:01,32.3511,78.487,12.9,ISC,MS,7
ILT,67.87,-178.73,244,65.05,24.1,sP,sP,19-01-1975,08:12:48,-0.7,TRUE,ISC,19-01-1975,08:02:01,32.3511,78.487,12.9,ISC,MS,7
ILT,67.87,-178.73,244,65.05,24.1,S,S,19-01-1975,08:21:20,-2.3,TRUE,ISC,19-01-1975,08:02:01,32.3511,78.487,12.9,ISC,MS,7
ILT,67.87,-178.73,244,65.05,24.1,S,S,19-01-1975,08:21:20,-2.3,TRUE,ISC,19-01-1975,08:02:01,32.3511,78.487,12.9,ISC,MS,7
ILT,67.87,-178.73,244,65.05,24.1,sS,sS,19-01-1975,08:21:31,-0.9,TRUE,ISC,19-01-1975,08:02:01,32.3511,78.487,12.9,ISC,MS,7
ILT,67.87,-178.73,244,65.05,24.1,P,P,19-01-1975,08:12:39,-2.1,TRUE,ISC,19-01-1975,08:02:01,32.3511,78.487,12.9,ISC,MS,7
ILT,67.87,-178.73,244,65.05,24.1,S,S,19-01-1975,08:21:20,-2.3,TRUE,ISC,19-01-1975,08:02:01,32.3511,78.487,12.9,ISC,MS,7
CRT,37.19,-3.5956,774,65.57,299.7,P,P,19-01-1975,08:12:47,2,TRUE,ISC,19-01-1975,08:02:01,32.3511,78.487,12.9,ISC,MS,7
TAF,34.8142,-2.4142,820,65.62,296.9,P,P,19-01-1975,08:12:47,1.9,TRUE,ISC,19-01-1975,08:02:01,32.3511,78.487,12.9,ISC,MS,7
REY,64.1278,-21.905,44,65.7,331.7,P,P,19-01-1975,08:12:48,2.6,TRUE,ISC,19-01-1975,08:02:01,32.3511,78.487,12.9,ISC,MS,7
PTO,41.1386,-8.6022,88,67.58,305.3,P,P,19-01-1975,08:13:00,2.3,TRUE,ISC,19-01-1975,08:02:01,32.3511,78.487,12.9,ISC,MS,7
NKM,35.4481,-5.41,158,67.61,298.6,P,P,19-01-1975,08:12:59,0.9,TRUE,ISC,19-01-1975,08:02:01,32.3511,78.487,12.9,ISC,MS,7
NKM,35.4481,-5.41,158,67.61,298.6,sP,pP,19-01-1975,08:13:09,3.3,TRUE,ISC,19-01-1975,08:02:01,32.3511,78.487,12.9,ISC,MS,7
NKM,35.4481,-5.41,158,67.61,298.6,S,S,19-01-1975,08:21:57,2.6,TRUE,ISC,19-01-1975,08:02:01,32.3511,78.487,12.9,ISC,MS,7
KRR,-16.8517,29.6183,1380,67.68,231.2,P,P,19-01-1975,08:12:57,-1.4,TRUE,ISC,19-01-1975,08:02:01,32.3511,78.487,12.9,ISC,MS,7
KRR,-16.8517,29.6183,1380,67.68,231.2,pP,pP,19-01-1975,08:13:01,-3.4,TRUE,ISC,19-01-1975,08:02:01,32.3511,78.487,12.9,ISC,MS,7
KNA,-15.75,128.7667,150,67.84,126.9,P,P,19-01-1975,08:13:00,1.2,TRUE,ISC,19-01-1975,08:02:01,32.3511,78.487,12.9,ISC,MS,7
SMY,52.7295,174.0994,58,68.14,40.7,P,P,19-01-1975,08:13:01,0.6,TRUE,ISC,19-01-1975,08:02:01,32.3511,78.487,12.9,ISC,MS,7
JAY,-2.5148,140.7047,400,68.23,107.9,P,P,19-01-1975,08:13:02,0.2,TRUE,ISC,19-01-1975,08:02:01,32.3511,78.487,12.9,ISC,MS,7
JAY,-2.5148,140.7047,400,68.23,107.9,S,S,19-01-1975,08:21:59,-3.4,TRUE,ISC,19-01-1975,08:02:01,32.3511,78.487,12.9,ISC,MS,7
KES,31.995,-4.455,1124,68.34,294.9,P,P,19-01-1975,08:13:00,-2.4,TRUE,ISC,19-01-1975,08:02:01,32.3511,78.487,12.9,ISC,MS,7
KES,31.995,-4.455,1124,68.34,294.9,sP,pP,19-01-1975,08:13:12,1.5,TRUE,ISC,19-01-1975,08:02:01,32.3511,78.487,12.9,ISC,MS,7
RBZ,33.9292,-6.84,116,69.32,297.7,P,P,19-01-1975,08:13:09,0.6,TRUE,ISC,19-01-1975,08:02:01,32.3511,78.487,12.9,ISC,MS,7
CIR,-21.0133,31.58,430,69.49,226.8,P,P,19-01-1975,08:13:09,-0.5,TRUE,ISC,19-01-1975,08:02:01,32.3511,78.487,12.9,ISC,MS,7
CIR,-21.0133,31.58,430,69.49,226.8,sP,pP,19-01-1975,08:13:14,-3.5,TRUE,ISC,19-01-1975,08:02:01,32.3511,78.487,12.9,ISC,MS,7
AVE,33.2981,-7.4133,230,70.02,297.3,P,P,19-01-1975,08:13:12,-0.7,TRUE,ISC,19-01-1975,08:02:01,32.3511,78.487,12.9,ISC,MS,7
AVE,33.2981,-7.4133,230,70.02,297.3,sP,pP,19-01-1975,08:13:22,1.2,TRUE,ISC,19-01-1975,08:02:01,32.3511,78.487,12.9,ISC,MS,7
AVE,33.2981,-7.4133,230,70.02,297.3,S,S,19-01-1975,08:22:22,-1.1,TRUE,ISC,19-01-1975,08:02:01,32.3511,78.487,12.9,ISC,MS,7
BUL,-20.1433,28.6133,1341,70.72,229.6,P,P,19-01-1975,08:13:14,-3.2,TRUE,ISC,19-01-1975,08:02:01,32.3511,78.487,12.9,ISC,MS,7
BUL,-20.1433,28.6133,1341,70.72,229.6,pP,pP,19-01-1975,08:13:19,-4.1,TRUE,ISC,19-01-1975,08:02:01,32.3511,78.487,12.9,ISC,MS,7
BUL,-20.1433,28.6133,1341,70.72,229.6,S,SKS,19-01-1975,08:22:33,1.4,TRUE,ISC,19-01-1975,08:02:01,32.3511,78.487,12.9,ISC,MS,7
BUL,-20.1433,28.6133,1341,70.72,229.6,ScS,SP,19-01-1975,08:23:21,0.2,TRUE,ISC,19-01-1975,08:02:01,32.3511,78.487,12.9,ISC,MS,7
TIO,30.9267,-7.2617,1335,70.96,295,P,P,19-01-1975,08:13:17,-1.7,TRUE,ISC,19-01-1975,08:02:01,32.3511,78.487,12.9,ISC,MS,7
MBC,76.2417,-119.36,15,71.08,4.4,P,P,19-01-1975,08:13:17,-1.4,TRUE,ISC,19-01-1975,08:02:01,32.3511,78.487,12.9,ISC,MS,7
GMA,65.4287,-161.232,860,72.22,22.3,P,P,19-01-1975,08:13:24,-1.4,TRUE,ISC,19-01-1975,08:02:01,32.3511,78.487,12.9,ISC,MS,7
GDH,69.25,-53.5333,23,72.8,343.9,P,P,19-01-1975,08:13:29,0.2,TRUE,ISC,19-01-1975,08:02:01,32.3511,78.487,12.9,ISC,MS,7
GDH,69.25,-53.5333,23,72.8,343.9,S,S,19-01-1975,08:22:57,3,TRUE,ISC,19-01-1975,08:02:01,32.3511,78.487,12.9,ISC,MS,7
CNG,-26.2917,32.1883,100,73.12,222.7,P,P,19-01-1975,08:13:31,-0.3,TRUE,ISC,19-01-1975,08:02:01,32.3511,78.487,12.9,ISC,MS,7
CNG,-26.2917,32.1883,100,73.12,222.7,SKiKP,S,19-01-1975,08:23:02,-1.5,TRUE,ISC,19-01-1975,08:02:01,32.3511,78.487,12.9,ISC,MS,7
CNG,-26.2917,32.1883,100,73.12,222.7,SKSac,SKS,19-01-1975,08:23:36,-0.9,TRUE,ISC,19-01-1975,08:02:01,32.3511,78.487,12.9,ISC,MS,7
RES,74.6867,-94.9,15,73.14,358.2,P,P,19-01-1975,08:13:30,-1.3,TRUE,ISC,19-01-1975,08:02:01,32.3511,78.487,12.9,ISC,MS,7
MUN,-31.9783,116.208,253,73.24,147.1,P,P,19-01-1975,08:13:30,-1.9,TRUE,ISC,19-01-1975,08:02:01,32.3511,78.487,12.9,ISC,MS,7
ADK,51.8837,-176.684,116,73.52,38.7,P,P,19-01-1975,08:13:32,-1.4,TRUE,ISC,19-01-1975,08:02:01,32.3511,78.487,12.9,ISC,MS,7
KLG,-30.7837,121.458,360,74.82,142.6,P,P,19-01-1975,08:13:41,-0.2,TRUE,ISC,19-01-1975,08:02:01,32.3511,78.487,12.9,ISC,MS,7
LAT,-6.6651,147.002,72,75.73,107.5,P,P,19-01-1975,08:13:49,2.2,TRUE,ISC,19-01-1975,08:02:01,32.3511,78.487,12.9,ISC,MS,7
COL,64.9,-147.7933,320,76.58,18.5,P,P,19-01-1975,08:13:49,-1.6,TRUE,ISC,19-01-1975,08:02:01,32.3511,78.487,12.9,ISC,MS,7
COL,64.9,-147.7933,320,76.58,18.5,SKiKP,S,19-01-1975,08:23:10,2,TRUE,ISC,19-01-1975,08:02:01,32.3511,78.487,12.9,ISC,MS,7
GIL,64.975,-147.495,350,76.6,18.3,P,P,19-01-1975,08:13:49,-1.8,TRUE,ISC,19-01-1975,08:02:01,32.3511,78.487,12.9,ISC,MS,7
ASP,-23.6833,133.897,600,76.83,129.2,P,P,19-01-1975,08:13:54,1.1,TRUE,ISC,19-01-1975,08:02:01,32.3511,78.487,12.9,ISC,MS,7
ASP,-23.6833,133.897,600,76.83,129.2,S,S,19-01-1975,08:23:43,2.7,TRUE,ISC,19-01-1975,08:02:01,32.3511,78.487,12.9,ISC,MS,7
INK,68.3065,-133.5254,44,76.85,11.7,P,P,19-01-1975,08:13:50,-2.1,TRUE,ISC,19-01-1975,08:02:01,32.3511,78.487,12.9,ISC,MS,7
PMG,-9.4062,147.159,65,77.45,109.7,P,P,19-01-1975,08:13:54,-2.5,TRUE,ISC,19-01-1975,08:02:01,32.3511,78.487,12.9,ISC,MS,7
LMG,-8.9083,148.15,1200,77.95,108.7,P,P,19-01-1975,08:13:57,-2.5,TRUE,ISC,19-01-1975,08:02:01,32.3511,78.487,12.9,ISC,MS,7
RAB,-4.1927,152.163,185,78.55,102.4,P,P,19-01-1975,08:14:02,-0.7,TRUE,ISC,19-01-1975,08:02:01,32.3511,78.487,12.9,ISC,MS,7
RAB,-4.1927,152.163,185,78.55,102.4,S,S,19-01-1975,08:23:55,-4.3,TRUE,ISC,19-01-1975,08:02:01,32.3511,78.487,12.9,ISC,MS,7
PMR,61.5922,-149.1308,100,78.76,21.1,P,P,19-01-1975,08:14:01,-2.2,TRUE,ISC,19-01-1975,08:02:01,32.3511,78.487,12.9,ISC,MS,7
PMR,61.5922,-149.1308,100,78.76,21.1,S,S,19-01-1975,08:24:00,-0.1,TRUE,ISC,19-01-1975,08:02:01,32.3511,78.487,12.9,ISC,MS,7
WIN,-22.5667,17.1,1728,80.13,235.5,P,P,19-01-1975,08:14:11,-0.3,TRUE,ISC,19-01-1975,08:02:01,32.3511,78.487,12.9,ISC,MS,7
ESA,-9.7384,150.814,46,80.57,107.8,P,P,19-01-1975,08:14:14,0.4,TRUE,ISC,19-01-1975,08:02:01,32.3511,78.487,12.9,ISC,MS,7
ESA,-9.7384,150.814,46,80.57,107.8,S,S,19-01-1975,08:24:19,-1.6,TRUE,ISC,19-01-1975,08:02:01,32.3511,78.487,12.9,ISC,MS,7
KDC,57.7478,-152.492,13,80.58,25,P,P,19-01-1975,08:14:11,-1.6,TRUE,ISC,19-01-1975,08:02:01,32.3511,78.487,12.9,ISC,MS,7
FRB,63.7467,-68.5467,18,80.73,345.8,P,P,19-01-1975,08:14:11,-2.6,TRUE,ISC,19-01-1975,08:02:01,32.3511,78.487,12.9,ISC,MS,7
KIC,6.3606,-4.7411,176,80.92,271.8,P,P,19-01-1975,08:14:14,-1.2,TRUE,ISC,19-01-1975,08:02:01,32.3511,78.487,12.9,ISC,MS,7
KCH,-49.244,70.145,0,81.57,185.5,P,P,19-01-1975,08:14:22,3.6,TRUE,ISC,19-01-1975,08:02:01,32.3511,78.487,12.9,ISC,MS,7
GRM,-33.3133,26.5083,610,81.64,221.8,P,P,19-01-1975,08:14:18,-1.4,TRUE,ISC,19-01-1975,08:02:01,32.3511,78.487,12.9,ISC,MS,7
KPB,-49.52,69.901,0,81.86,185.6,P,P,19-01-1975,08:14:22,2.6,TRUE,ISC,19-01-1975,08:02:01,32.3511,78.487,12.9,ISC,MS,7
PAA,-6.3006,155.491,699,82.46,102.3,P,P,19-01-1975,08:14:22,-1.8,TRUE,ISC,19-01-1975,08:02:01,32.3511,78.487,12.9,ISC,MS,7
CTA,-20.0883,146.254,357,83.16,118.8,P,P,19-01-1975,08:14:25,-2.3,TRUE,ISC,19-01-1975,08:02:01,32.3511,78.487,12.9,ISC,MS,7
CTA,-20.0883,146.254,357,83.16,118.8,PP,pP,19-01-1975,08:17:42,3.3,TRUE,ISC,19-01-1975,08:02:01,32.3511,78.487,12.9,ISC,MS,7
CTA,-20.0883,146.254,357,83.16,118.8,S,SKS,19-01-1975,08:24:49,1.9,TRUE,ISC,19-01-1975,08:02:01,32.3511,78.487,12.9,ISC,MS,7
BLC,64.3167,-96.0167,16,83.56,357.6,P,P,19-01-1975,08:14:26,-2.5,TRUE,ISC,19-01-1975,08:02:01,32.3511,78.487,12.9,ISC,MS,7
KED,12.9258,-12.3214,0,83.87,281.3,P,P,19-01-1975,08:14:28,-2.8,TRUE,ISC,19-01-1975,08:02:01,32.3511,78.487,12.9,ISC,MS,7
KED,12.9258,-12.3214,0,83.87,281.3,PcP,PcP,19-01-1975,08:14:32,-3.1,TRUE,ISC,19-01-1975,08:02:01,32.3511,78.487,12.9,ISC,MS,7
CER,-33.3617,19.2933,472,85.91,226.1,P,P,19-01-1975,08:14:42,1.2,TRUE,ISC,19-01-1975,08:02:01,32.3511,78.487,12.9,ISC,MS,7
SIT,57.0569,-135.3244,19,86.46,17.7,P,P,19-01-1975,08:14:44,0.8,TRUE,ISC,19-01-1975,08:02:01,32.3511,78.487,12.9,ISC,MS,7
MBO,14.3908,-16.9547,3,86.92,285,P,P,19-01-1975,08:14:48,1.8,TRUE,ISC,19-01-1975,08:02:01,32.3511,78.487,12.9,ISC,MS,7
MBO,14.3908,-16.9547,3,86.92,285,sP,PcP,19-01-1975,08:14:56,1.6,TRUE,ISC,19-01-1975,08:02:01,32.3511,78.487,12.9,ISC,MS,7
MBO,14.3908,-16.9547,3,86.92,285,PP,PP,19-01-1975,08:18:11,2,TRUE,ISC,19-01-1975,08:02:01,32.3511,78.487,12.9,ISC,MS,7
MBO,14.3908,-16.9547,3,86.92,285,S,SKKS,19-01-1975,08:25:19,-5.7,TRUE,ISC,19-01-1975,08:02:01,32.3511,78.487,12.9,ISC,MS,7
MBO,14.3908,-16.9547,3,86.92,285,ScS,ScS,19-01-1975,08:25:31,-1.5,TRUE,ISC,19-01-1975,08:02:01,32.3511,78.487,12.9,ISC,MS,7
ADE,-34.9669,138.709,655,87.63,134.5,P,P,19-01-1975,08:14:51,1.8,TRUE,ISC,19-01-1975,08:02:01,32.3511,78.487,12.9,ISC,MS,7
HNR,-9.4316,159.947,72,87.86,102.5,P,P,19-01-1975,08:14:50,-0.7,TRUE,ISC,19-01-1975,08:02:01,32.3511,78.487,12.9,ISC,MS,7
HNR,-9.4316,159.947,72,87.86,102.5,SKSac,S,19-01-1975,08:25:18,-1.1,TRUE,ISC,19-01-1975,08:02:01,32.3511,78.487,12.9,ISC,MS,7
SCH,54.8167,-66.7833,540,88.19,340.7,P,P,19-01-1975,08:14:52,0.3,TRUE,ISC,19-01-1975,08:02:01,32.3511,78.487,12.9,ISC,MS,7
FCC,58.7617,-94.0867,39,89.02,356.1,P,P,19-01-1975,08:14:56,0.8,TRUE,ISC,19-01-1975,08:02:01,32.3511,78.487,12.9,ISC,MS,7
FSJ,54.4633,-124.28,772,91.33,13.1,P,P,19-01-1975,08:15:05,-1.5,TRUE,ISC,19-01-1975,08:02:01,32.3511,78.487,12.9,ISC,MS,7
BFD,-37.1761,142.544,235,91.41,134.1,P,P,19-01-1975,08:15:08,1.1,TRUE,ISC,19-01-1975,08:02:01,32.3511,78.487,12.9,ISC,MS,7
BRS,-27.3917,152.775,525,92.29,121.1,P,P,19-01-1975,08:15:11,-0.3,TRUE,ISC,19-01-1975,08:02:01,32.3511,78.487,12.9,ISC,MS,7
FFC,54.725,-101.978,338,93.28,0.3,P,P,19-01-1975,08:15:14,-1.3,TRUE,ISC,19-01-1975,08:02:01,32.3511,78.487,12.9,ISC,MS,7
YOU,-34.2783,148.3817,503,93.3,128.8,P,P,19-01-1975,08:15:16,0,TRUE,ISC,19-01-1975,08:02:01,32.3511,78.487,12.9,ISC,MS,7
YOU,-34.2783,148.3817,503,93.3,128.8,sP,PcP,19-01-1975,08:15:23,-0.9,TRUE,ISC,19-01-1975,08:02:01,32.3511,78.487,12.9,ISC,MS,7
TOO,-37.5714,145.491,604,93.47,132.9,P,P,19-01-1975,08:15:17,0.6,TRUE,ISC,19-01-1975,08:02:01,32.3511,78.487,12.9,ISC,MS,7
COO,-30.5778,151.8917,653,93.5,124.1,P,P,19-01-1975,08:15:18,1.3,TRUE,ISC,19-01-1975,08:02:01,32.3511,78.487,12.9,ISC,MS,7
PHC,50.7067,-127.432,33,94.19,16.2,P,P,19-01-1975,08:15:20,-0.1,TRUE,ISC,19-01-1975,08:02:01,32.3511,78.487,12.9,ISC,MS,7
CAN,-35.3208,148.999,700,94.34,129.4,P,P,19-01-1975,08:15:21,0.6,TRUE,ISC,19-01-1975,08:02:01,32.3511,78.487,12.9,ISC,MS,7
CAN,-35.3208,148.999,700,94.34,129.4,sP,PcP,19-01-1975,08:15:28,-0.3,TRUE,ISC,19-01-1975,08:02:01,32.3511,78.487,12.9,ISC,MS,7
RIV,-33.8294,151.158,25,94.89,127.1,P,P,19-01-1975,08:15:23,0.1,TRUE,ISC,19-01-1975,08:02:01,32.3511,78.487,12.9,ISC,MS,7
RIV,-33.8294,151.158,25,94.89,127.1,S,S,19-01-1975,08:26:37,0.3,TRUE,ISC,19-01-1975,08:02:01,32.3511,78.487,12.9,ISC,MS,7
SFA,47.1244,-70.8268,230,96.2,339.5,P,P,19-01-1975,08:15:31,2.1,TRUE,ISC,19-01-1975,08:02:01,32.3511,78.487,12.9,ISC,MS,7
SES,50.3958,-111.042,770,97.18,6.1,P,P,19-01-1975,08:15:32,-1.3,TRUE,ISC,19-01-1975,08:02:01,32.3511,78.487,12.9,ISC,MS,7
TAU,-42.9099,147.32,132,97.86,136.2,SKSac,SKS,19-01-1975,08:26:12,-1.3,TRUE,ISC,19-01-1975,08:02:01,32.3511,78.487,12.9,ISC,MS,7
TAU,-42.9099,147.32,132,97.86,136.2,SP,SP,19-01-1975,08:28:26,0.8,TRUE,ISC,19-01-1975,08:02:01,32.3511,78.487,12.9,ISC,MS,7
TAU,-42.9099,147.32,132,97.86,136.2,SS,SS,19-01-1975,08:33:46,2.1,TRUE,ISC,19-01-1975,08:02:01,32.3511,78.487,12.9,ISC,MS,7
NTI,48.63,-116.963,823,98.21,10.3,PP,PP,19-01-1975,08:19:36,-0.3,TRUE,ISC,19-01-1975,08:02:01,32.3511,78.487,12.9,ISC,MS,7
NEW,48.2642,-117.1227,760,98.54,10.5,PP,PP,19-01-1975,08:19:39,0.2,TRUE,ISC,19-01-1975,08:02:01,32.3511,78.487,12.9,ISC,MS,7
LHC,48.4167,-89.2667,196,98.85,351.8,P,P,19-01-1975,08:15:40,-0.8,TRUE,ISC,19-01-1975,08:02:01,32.3511,78.487,12.9,ISC,MS,7
OTT,45.3942,-75.7167,77,99.15,341.9,Pdif,P,19-01-1975,08:15:44,1.8,TRUE,ISC,19-01-1975,08:02:01,32.3511,78.487,12.9,ISC,MS,7
LON,46.75,-121.81,854,99.16,14,Pdif,P,19-01-1975,08:15:43,0.4,TRUE,ISC,19-01-1975,08:02:01,32.3511,78.487,12.9,ISC,MS,7
MAW,-67.6039,62.8706,12,100.34,186,Pdif,P,19-01-1975,08:15:50,3.4,TRUE,ISC,19-01-1975,08:02:01,32.3511,78.487,12.9,ISC,MS,7
MSO,46.8292,-113.9406,1264,100.39,8.6,Pdif,P,19-01-1975,08:15:48,0.2,TRUE,ISC,19-01-1975,08:02:01,32.3511,78.487,12.9,ISC,MS,7
BUT,46.0133,-112.563,1758,101.36,7.8,Pdif,P,19-01-1975,08:15:54,1.5,TRUE,ISC,19-01-1975,08:02:01,32.3511,78.487,12.9,ISC,MS,7
BMO,44.8525,-117.306,1154,101.83,11.4,Pdif,P,19-01-1975,08:15:55,0.9,TRUE,ISC,19-01-1975,08:02:01,32.3511,78.487,12.9,ISC,MS,7
BMO,44.8525,-117.306,1154,101.83,11.4,PP,PP,19-01-1975,08:20:05,1.1,TRUE,ISC,19-01-1975,08:02:01,32.3511,78.487,12.9,ISC,MS,7
FHC,40.8017,-123.985,610,104.31,17.4,Pdif,P,19-01-1975,08:16:04,-1.1,TRUE,ISC,19-01-1975,08:02:01,32.3511,78.487,12.9,ISC,MS,7
WDC,40.5799,-122.5411,268.3,104.87,16.4,Pdif,P,19-01-1975,08:16:10,1.8,TRUE,ISC,19-01-1975,08:02:01,32.3511,78.487,12.9,ISC,MS,7
WDC,40.5799,-122.5411,268.3,104.87,16.4,PP,pP,19-01-1975,08:20:30,3.4,TRUE,ISC,19-01-1975,08:02:01,32.3511,78.487,12.9,ISC,MS,7
WDC,40.5799,-122.5411,268.3,104.87,16.4,PKKPbc,PKKP,19-01-1975,08:31:52,1.4,TRUE,ISC,19-01-1975,08:02:01,32.3511,78.487,12.9,ISC,MS,7
MIN,40.346,-121.6066,1470.9,105.31,15.8,Pdif,P,19-01-1975,08:16:12,1.6,TRUE,ISC,19-01-1975,08:02:01,32.3511,78.487,12.9,ISC,MS,7
MIN,40.346,-121.6066,1470.9,105.31,15.8,PP,pP,19-01-1975,08:20:35,5,TRUE,ISC,19-01-1975,08:02:01,32.3511,78.487,12.9,ISC,MS,7
LAR,41.3144,-105.583,2400,106.6,3.2,Pdif,P,19-01-1975,08:16:20,4.2,TRUE,ISC,19-01-1975,08:02:01,32.3511,78.487,12.9,ISC,MS,7
DUG,40.195,-112.8133,1477,107.06,9,Pdif,P,19-01-1975,08:16:20,2.6,TRUE,ISC,19-01-1975,08:02:01,32.3511,78.487,12.9,ISC,MS,7
EUR,39.4833,-115.97,2178,107.28,11.7,Pdif,P,19-01-1975,08:16:21,2,TRUE,ISC,19-01-1975,08:02:01,32.3511,78.487,12.9,ISC,MS,7
BKS,37.8762,-122.2356,243.9,107.51,17.1,Pdif,P,19-01-1975,08:16:20,0.5,TRUE,ISC,19-01-1975,08:02:01,32.3511,78.487,12.9,ISC,MS,7
BKS,37.8762,-122.2356,243.9,107.51,17.1,PP,pP,19-01-1975,08:20:48,1.9,TRUE,ISC,19-01-1975,08:02:01,32.3511,78.487,12.9,ISC,MS,7
BKS,37.8762,-122.2356,243.9,107.51,17.1,SKSac,SKS,19-01-1975,08:27:06,6.4,TRUE,ISC,19-01-1975,08:02:01,32.3511,78.487,12.9,ISC,MS,7
BKS,37.8762,-122.2356,243.9,107.51,17.1,PS,PS,19-01-1975,08:30:06,-2,TRUE,ISC,19-01-1975,08:02:01,32.3511,78.487,12.9,ISC,MS,7
BKS,37.8762,-122.2356,243.9,107.51,17.1,Pdif,P,19-01-1975,08:16:20,0.5,TRUE,ISC,19-01-1975,08:02:01,32.3511,78.487,12.9,ISC,MS,7
BKS,37.8762,-122.2356,243.9,107.51,17.1,Sdif,S,19-01-1975,08:28:28,4.7,TRUE,ISC,19-01-1975,08:02:01,32.3511,78.487,12.9,ISC,MS,7
JAS,37.9466,-120.4393,428.1,107.87,15.6,Pdif,P,19-01-1975,08:16:24,2.5,TRUE,ISC,19-01-1975,08:02:01,32.3511,78.487,12.9,ISC,MS,7
JAS,37.9466,-120.4393,428.1,107.87,15.6,PP,pP,19-01-1975,08:20:50,1.3,TRUE,ISC,19-01-1975,08:02:01,32.3511,78.487,12.9,ISC,MS,7
JAS,37.9466,-120.4393,428.1,107.87,15.6,PKKPbc,PKKP,19-01-1975,08:31:43,1.6,TRUE,ISC,19-01-1975,08:02:01,32.3511,78.487,12.9,ISC,MS,7
MNV,38.4322,-118.154,1507,107.89,13.7,Pdif,P,19-01-1975,08:16:24,2,TRUE,ISC,19-01-1975,08:02:01,32.3511,78.487,12.9,ISC,MS,7
MNV,38.4322,-118.154,1507,107.89,13.7,PP,pP,19-01-1975,08:20:51,2,TRUE,ISC,19-01-1975,08:02:01,32.3511,78.487,12.9,ISC,MS,7
MNV,38.4322,-118.154,1507,107.89,13.7,PKKPdf,PKKP,19-01-1975,08:31:48,-5.8,TRUE,ISC,19-01-1975,08:02:01,32.3511,78.487,12.9,ISC,MS,7
GOL,39.7003,-105.3711,2359,108.22,3.1,Pdif,P,19-01-1975,08:16:23,0,TRUE,ISC,19-01-1975,08:02:01,32.3511,78.487,12.9,ISC,MS,7
GOL,39.7003,-105.3711,2359,108.22,3.1,PKiKP,pP,19-01-1975,08:20:37,7.6,TRUE,ISC,19-01-1975,08:02:01,32.3511,78.487,12.9,ISC,MS,7
CPO,35.5948,-85.5704,574,110.78,346.1,PKiKP,P,19-01-1975,08:20:41,7.3,TRUE,ISC,19-01-1975,08:02:01,32.3511,78.487,12.9,ISC,MS,7
PAS,34.1484,-118.1711,257,112.02,14.9,PKiKP,PKP,19-01-1975,08:20:38,1.6,TRUE,ISC,19-01-1975,08:02:01,32.3511,78.487,12.9,ISC,MS,7
PAS,34.1484,-118.1711,257,112.02,14.9,PP,pP,19-01-1975,08:21:20,1.3,TRUE,ISC,19-01-1975,08:02:01,32.3511,78.487,12.9,ISC,MS,7
PAS,34.1484,-118.1711,257,112.02,14.9,Sdif,S,19-01-1975,08:29:00,-1.1,TRUE,ISC,19-01-1975,08:02:01,32.3511,78.487,12.9,ISC,MS,7
ABQ,34.9425,-106.457,1849,112.9,4.4,Pdif,P,19-01-1975,08:16:49,5,TRUE,ISC,19-01-1975,08:02:01,32.3511,78.487,12.9,ISC,MS,7
NVL,-70.7667,11.8333,107,113.03,199.3,PKiKP,P,19-01-1975,08:20:38,1,TRUE,ISC,19-01-1975,08:02:01,32.3511,78.487,12.9,ISC,MS,7
COB,-41.0861,172.734,213,113.33,124.8,PKiKP,P,19-01-1975,08:20:39,0.5,TRUE,ISC,19-01-1975,08:02:01,32.3511,78.487,12.9,ISC,MS,7
AFI,-13.9094,-171.777,706,113.88,91.7,PP,pP,19-01-1975,08:21:36,2.1,TRUE,ISC,19-01-1975,08:02:01,32.3511,78.487,12.9,ISC,MS,7
AFI,-13.9094,-171.777,706,113.88,91.7,SKSac,SKS,19-01-1975,08:27:32,5.6,TRUE,ISC,19-01-1975,08:02:01,32.3511,78.487,12.9,ISC,MS,7
AFI,-13.9094,-171.777,706,113.88,91.7,SS,SS,19-01-1975,08:37:32,8.6,TRUE,ISC,19-01-1975,08:02:01,32.3511,78.487,12.9,ISC,MS,7
KRP,-37.9232,175.5377,64,114.08,120.7,PKiKP,P,19-01-1975,08:20:41,1,TRUE,ISC,19-01-1975,08:02:01,32.3511,78.487,12.9,ISC,MS,7
MNG,-40.617,175.4822,396,115.08,123.5,PKPdf,P,19-01-1975,08:20:41,-0.6,TRUE,ISC,19-01-1975,08:02:01,32.3511,78.487,12.9,ISC,MS,7
MNG,-40.617,175.4822,396,115.08,123.5,PP,pP,19-01-1975,08:21:35,-7,TRUE,ISC,19-01-1975,08:02:01,32.3511,78.487,12.9,ISC,MS,7
SNA,-70.315,-2.325,57,117.08,202.1,PKiKP,P,19-01-1975,08:20:46,0.7,TRUE,ISC,19-01-1975,08:02:01,32.3511,78.487,12.9,ISC,MS,7
HKT,29.95,-95.8333,-415,117.81,354.4,PKiKP,P,19-01-1975,08:20:50,2.1,TRUE,ISC,19-01-1975,08:02:01,32.3511,78.487,12.9,ISC,MS,7
SBA,-77.8503,166.756,38,121,165.7,PKiKP,P,19-01-1975,08:20:54,1.3,TRUE,ISC,19-01-1975,08:02:01,32.3511,78.487,12.9,ISC,MS,7
SBA,-77.8503,166.756,38,121,165.7,PP,pP,19-01-1975,08:22:24,1.9,TRUE,ISC,19-01-1975,08:02:01,32.3511,78.487,12.9,ISC,MS,7
SBA,-77.8503,166.756,38,121,165.7,PS,PS,19-01-1975,08:32:14,0.4,TRUE,ISC,19-01-1975,08:02:01,32.3511,78.487,12.9,ISC,MS,7
TRN,10.648,-61.403,24,122.59,311.3,PKiKP,P,19-01-1975,08:21:00,2.9,TRUE,ISC,19-01-1975,08:02:01,32.3511,78.487,12.9,ISC,MS,7
SIR,10.5092,-66.5092,1050,125.83,315.9,PKiKP,P,19-01-1975,08:21:06,1.6,TRUE,ISC,19-01-1975,08:02:01,32.3511,78.487,12.9,ISC,MS,7
CAR,10.507,-66.928,1035,126.07,316.3,PKiKP,P,19-01-1975,08:21:05,0.6,TRUE,ISC,19-01-1975,08:02:01,32.3511,78.487,12.9,ISC,MS,7
LCG,21.145,-101.725,2200,126.81,0.2,PKiKP,P,19-01-1975,08:21:10,3.6,TRUE,ISC,19-01-1975,08:02:01,32.3511,78.487,12.9,ISC,MS,7
RAR,-21.2125,-159.773,28,127.38,93.1,PKiKP,P,19-01-1975,08:21:08,1.5,TRUE,ISC,19-01-1975,08:02:01,32.3511,78.487,12.9,ISC,MS,7
RAR,-21.2125,-159.773,28,127.38,93.1,PP,pP,19-01-1975,08:23:05,-1.3,TRUE,ISC,19-01-1975,08:02:01,32.3511,78.487,12.9,ISC,MS,7
RAR,-21.2125,-159.773,28,127.38,93.1,SKSdf,SKS,19-01-1975,08:28:22,4.3,TRUE,ISC,19-01-1975,08:02:01,32.3511,78.487,12.9,ISC,MS,7
RAR,-21.2125,-159.773,28,127.38,93.1,PS,PS,19-01-1975,08:33:04,-7.5,TRUE,ISC,19-01-1975,08:02:01,32.3511,78.487,12.9,ISC,MS,7
RAR,-21.2125,-159.773,28,127.38,93.1,SS,SS,19-01-1975,08:40:20,3.6,TRUE,ISC,19-01-1975,08:02:01,32.3511,78.487,12.9,ISC,MS,7
TAC,19.405,-99.1936,2297,128.49,357.2,Pdif,P,19-01-1975,08:18:07,13.7,TRUE,ISC,19-01-1975,08:02:01,32.3511,78.487,12.9,ISC,MS,7
UNM,19.329,-99.178,2257,128.56,357.2,PKiKP,P,19-01-1975,08:21:10,0.6,TRUE,ISC,19-01-1975,08:02:01,32.3511,78.487,12.9,ISC,MS,7
BAO,-15.6349,-47.9915,1211,128.86,275.8,PKPdf,P,19-01-1975,08:21:04,-5.2,TRUE,ISC,19-01-1975,08:02:01,32.3511,78.487,12.9,ISC,MS,7
VHM,17.1767,-96.7453,1829,130.54,354,PKiKP,P,19-01-1975,08:21:16,2.6,TRUE,ISC,19-01-1975,08:02:01,32.3511,78.487,12.9,ISC,MS,7
COM,16.2533,-92.1281,1528,130.84,348.1,PKiKP,P,19-01-1975,08:21:15,1.1,TRUE,ISC,19-01-1975,08:02:01,32.3511,78.487,12.9,ISC,MS,7
LPS,14.2922,-89.1619,1000,132.14,343.8,PKPdf,P,19-01-1975,08:21:13,-2.4,TRUE,ISC,19-01-1975,08:02:01,32.3511,78.487,12.9,ISC,MS,7
BHP,8.9608,-79.5581,36,133.88,329.2,PKPdf,P,19-01-1975,08:21:18,-0.6,TRUE,ISC,19-01-1975,08:02:01,32.3511,78.487,12.9,ISC,MS,7
AFR,-17.5383,-149.778,50,134.19,83.2,PKiKP,P,19-01-1975,08:21:21,0.7,TRUE,ISC,19-01-1975,08:02:01,32.3511,78.487,12.9,ISC,MS,7
PPT,-17.5682,-149.5761,258,134.38,83.1,PKiKP,P,19-01-1975,08:21:23,2.2,TRUE,ISC,19-01-1975,08:02:01,32.3511,78.487,12.9,ISC,MS,7
PAE,-17.6619,-149.58,10,134.42,83.2,PKiKP,P,19-01-1975,08:21:24,3.2,TRUE,ISC,19-01-1975,08:02:01,32.3511,78.487,12.9,ISC,MS,7
PPN,-17.5308,-149.432,100,134.48,83,PKiKP,P,19-01-1975,08:21:24,3.1,TRUE,ISC,19-01-1975,08:02:01,32.3511,78.487,12.9,ISC,MS,7
PMO,-15.0017,-147.8942,2,134.53,78.9,PKiKP,P,19-01-1975,08:21:23,1.9,TRUE,ISC,19-01-1975,08:02:01,32.3511,78.487,12.9,ISC,MS,7
TPT,-14.9844,-147.62,3,134.75,78.7,PKiKP,P,19-01-1975,08:21:24,2.5,TRUE,ISC,19-01-1975,08:02:01,32.3511,78.487,12.9,ISC,MS,7
TVO,-17.7825,-149.2517,620,134.75,83.2,PKiKP,P,19-01-1975,08:21:25,3.4,TRUE,ISC,19-01-1975,08:02:01,32.3511,78.487,12.9,ISC,MS,7
VAH,-15.2364,-147.6272,2,134.87,79,PKiKP,P,19-01-1975,08:21:25,3.2,TRUE,ISC,19-01-1975,08:02:01,32.3511,78.487,12.9,ISC,MS,7
RUV,-15.1889,-147.384,3,135.04,78.8,PKiKP,P,19-01-1975,08:21:25,2.9,TRUE,ISC,19-01-1975,08:02:01,32.3511,78.487,12.9,ISC,MS,7
PSO,1.1919,-77.3253,3010,139.55,320.9,PKPdf,PKP,19-01-1975,08:21:24,-5.6,TRUE,ISC,19-01-1975,08:02:01,32.3511,78.487,12.9,ISC,MS,7
AIA,-65.25,-64.2667,11,140.06,203.4,PKPdf,P,19-01-1975,08:21:27,-1.8,TRUE,ISC,19-01-1975,08:02:01,32.3511,78.487,12.9,ISC,MS,7
LPA,-34.9089,-57.9319,14,143.83,253.8,PP,pP,19-01-1975,08:24:52,2.1,TRUE,ISC,19-01-1975,08:02:01,32.3511,78.487,12.9,ISC,MS,7
LPB,-16.5327,-68.0984,3292,145.92,289.5,PKPdf,P,19-01-1975,08:21:41,-0.3,TRUE,ISC,19-01-1975,08:02:01,32.3511,78.487,12.9,ISC,MS,7
PNS,-16.2672,-68.4733,3986,146.07,290.2,PKPdf,P,19-01-1975,08:21:40,-1.2,TRUE,ISC,19-01-1975,08:02:01,32.3511,78.487,12.9,ISC,MS,7
GIE,-0.7333,-90.3,30,146.82,339.2,PKPdf,P,19-01-1975,08:21:42,0.1,TRUE,ISC,19-01-1975,08:02:01,32.3511,78.487,12.9,ISC,MS,7
ARE,-16.4621,-71.4913,2452,148.56,293,PKPbc,P,19-01-1975,08:21:47,-1.7,TRUE,ISC,19-01-1975,08:02:01,32.3511,78.487,12.9,ISC,MS,7
HUA,-12.0384,-75.3228,3313,148.58,304.1,PKPdf,P,19-01-1975,08:21:42,-3.1,TRUE,ISC,19-01-1975,08:02:01,32.3511,78.487,12.9,ISC,MS,7
HUA,-12.0384,-75.3228,3313,148.58,304.1,sPKPab,PKPab,19-01-1975,08:21:58,-2.6,TRUE,ISC,19-01-1975,08:02:01,32.3511,78.487,12.9,ISC,MS,7
RKT,-23.1197,-134.9733,50,149.09,81.2,PKiKP,P,19-01-1975,08:21:50,-0.7,TRUE,ISC,19-01-1975,08:02:01,32.3511,78.487,12.9,ISC,MS,7
NNA,-11.9873,-76.8422,575,149.6,306.2,PKPdf,P,19-01-1975,08:21:49,2,TRUE,ISC,19-01-1975,08:02:01,32.3511,78.487,12.9,ISC,MS,7
ANT,-23.705,-70.4153,80,151.31,279.5,PKPdf,PKP,19-01-1975,08:21:52,2.7,TRUE,ISC,19-01-1975,08:02:01,32.3511,78.487,12.9,ISC,MS,7
CFA,-31.6048,-68.2375,621,151.82,262.5,PKPdf,P,19-01-1975,08:21:50,0.5,TRUE,ISC,19-01-1975,08:02:01,32.3511,78.487,12.9,ISC,MS,7
CEN,-31.5758,-68.7542,900,152.25,262.7,PKPdf,P,19-01-1975,08:21:52,1.9,TRUE,ISC,19-01-1975,08:02:01,32.3511,78.487,12.9,ISC,MS,7
MDZ,-32.8833,-68.85,826,152.54,260,PKPdf,P,19-01-1975,08:21:54,3.2,TRUE,ISC,19-01-1975,08:02:01,32.3511,78.487,12.9,ISC,MS,7
TLL,-30.1672,-70.8045,2200,153.7,266.5,PKPdf,P,19-01-1975,08:21:55,2,TRUE,ISC,19-01-1975,08:02:01,32.3511,78.487,12.9,ISC,MS,7
SAN,-33.4531,-70.6617,533,154.12,259.1,PKPdf,P,19-01-1975,08:21:55,1.8,TRUE,ISC,19-01-1975,08:02:01,32.3511,78.487,12.9,ISC,MS,7
TMU,-38.7344,-72.6006,100,155.69,246.7,PKPdf,P,19-01-1975,08:21:56,1.4,TRUE,ISC,19-01-1975,08:02:01,32.3511,78.487,12.9,ISC,MS,7
VLV,-39.79,-73.2764,12,156.07,244,PKPdf,P,19-01-1975,08:21:57,1.6,TRUE,ISC,19-01-1975,08:02:01,32.3511,78.487,12.9,ISC,MS,7
CON,-36.8281,-73.045,15,156.18,251.3,PKPdf,P,19-01-1975,08:21:57,1.7,TRUE,ISC,19-01-1975,08:02:01,32.3511,78.487,12.9,ISC,MS,7
